branch,model,RMSE_mean,RMSE_sd,R2_mean,R2_sd
original,XGBoost,0.05496766466301343,0.0005192189968367159,0.8778418699103817,0.0023164620614287905
original,RandomForest,0.05814177783391047,0.0004175191230628132,0.8633316140652797,0.001965913457553337
original,Ridge,0.0584405287012065,0.0,0.8619306347023572,0.0
seasonal,XGBoost,0.05611841958407404,0.0026655671938671604,0.8692646193136045,0.01242064922844667
seasonal,RandomForest,0.055773220871585684,0.0003774238532465472,0.8711528312812383,0.0017456895252954603
seasonal,Ridge,0.06404537707390576,0.0,0.8301055799816099,0.0
trend,XGBoost,0.0070985144094825176,0.0004458586231365606,0.8772878717664498,0.015533693414600277
trend,RandomForest,0.005886193789019263,7.060197268990426e-05,0.9159429448690547,0.0020228162043762713
trend,Ridge,0.0015443975171601462,0.0,0.9942142352467352,0.0
