branch,window,model,R2
original,2010-12,XGBoost,0.89788759794345
original,2010-12,RandomForest,0.8885549062088264
original,2010-12,Ridge,0.8829537361155002
original,2010-12,persistence,0.647878451493584
original,2010-12,climatology,0.7970627606335299
original,2013-15,XGBoost,0.9409769951555144
original,2013-15,RandomForest,0.9565090481680794
original,2013-15,Ridge,0.9365129491292108
original,2013-15,persistence,0.6015064183794316
original,2013-15,climatology,0.9528708129491292
original,2016-18,XGBoost,0.9391808811664237
original,2016-18,RandomForest,0.9367446350695848
original,2016-18,Ridge,0.9253853055172634
original,2016-18,persistence,0.6352928537704317
original,2016-18,climatology,0.8961561586091206
original,2019-21,XGBoost,0.942989544881757
original,2019-21,RandomForest,0.9489459014369697
original,2019-21,Ridge,0.9384709558318529
original,2019-21,persistence,0.6637629532278053
original,2019-21,climatology,0.911241885958429
original,2022-24,XGBoost,0.8775921501910211
original,2022-24,RandomForest,0.8619074682237751
original,2022-24,Ridge,0.8619306347023572
original,2022-24,persistence,0.6180847956770301
original,2022-24,climatology,0.7710591456091658
seasonal,2010-12,XGBoost,0.8891511170229313
seasonal,2010-12,RandomForest,0.9039504958990534
seasonal,2010-12,Ridge,0.9179920994552049
seasonal,2010-12,persistence,0.6424673096167186
seasonal,2010-12,climatology,0.8465506851456781
seasonal,2013-15,XGBoost,0.939750182172609
seasonal,2013-15,RandomForest,0.9589468784359739
seasonal,2013-15,Ridge,0.9465338418540753
seasonal,2013-15,persistence,0.6024032564355468
seasonal,2013-15,climatology,0.9586954446320732
seasonal,2016-18,XGBoost,0.9571975927830082
seasonal,2016-18,RandomForest,0.947598733886188
seasonal,2016-18,Ridge,0.9576419035543635
seasonal,2016-18,persistence,0.6402547237721172
seasonal,2016-18,climatology,0.9234485843337645
seasonal,2019-21,XGBoost,0.9683282349741535
seasonal,2019-21,RandomForest,0.9667278728607032
seasonal,2019-21,Ridge,0.9424400180584523
seasonal,2019-21,persistence,0.6423089605018026
seasonal,2019-21,climatology,0.9547347216188928
seasonal,2022-24,XGBoost,0.874154172274134
seasonal,2022-24,RandomForest,0.8700844055967173
seasonal,2022-24,Ridge,0.8323551872944162
seasonal,2022-24,persistence,0.6094697909316964
seasonal,2022-24,climatology,0.7768919485473883
trend,2010-12,XGBoost,0.9842031565146505
trend,2010-12,RandomForest,0.9875390189147385
trend,2010-12,Ridge,0.9954073894727477
trend,2010-12,persistence,0.9872297900793623
trend,2010-12,climatology,-0.5447053678314542
trend,2013-15,XGBoost,0.8315483026949716
trend,2013-15,RandomForest,0.7702723927005488
trend,2013-15,Ridge,0.963181498648337
trend,2013-15,persistence,0.9434836113076771
trend,2013-15,climatology,-13.929949590251208
trend,2016-18,XGBoost,0.4252343176281165
trend,2016-18,RandomForest,0.556333732880057
trend,2016-18,Ridge,0.9941864174369042
trend,2016-18,persistence,0.9812420810617297
trend,2016-18,climatology,-3.162993392715972
trend,2019-21,XGBoost,0.968593862077503
trend,2019-21,RandomForest,0.9623331186143083
trend,2019-21,Ridge,0.9983847758924397
trend,2019-21,persistence,0.989890343198335
trend,2019-21,climatology,-0.9512925133381225
trend,2022-24,XGBoost,0.8875565847721039
trend,2022-24,RandomForest,0.9122479566978476
trend,2022-24,Ridge,0.9932075370200762
trend,2022-24,persistence,0.9893132381588026
trend,2022-24,climatology,-2.9969731211260284
