branch,model,tau_train_vs_test,drought_train,drought_test,LST_train,LST_test,own_train,own_test
original,XGBoost,0.13609150408304097,0.005814325101606721,0.0024581327887645194,0.6067707674854353,0.7225985924214778,0.3801193442984383,0.2672733538102184
original,RandomForest,0.2564690863013367,0.003166214920682325,0.0018842796907142646,0.44453760969416195,0.49754048303546206,0.546619971913867,0.5003793042239094
original,Ridge,0.43308980576624534,0.012363170244674287,0.0027201174018996184,0.04465031569717406,0.03076159249288463,0.936137864201758,0.9618843041156039
seasonal,XGBoost,0.35956989111141685,0.015705422617527734,0.01210242510481753,0.37476757834381835,0.45672549755876407,0.6034500160066645,0.5293618985090242
seasonal,RandomForest,0.34516437226436,0.01000062071488889,0.0044157169969545485,0.30420061192861314,0.3614879710514535,0.6805300318605442,0.6339752699018177
seasonal,Ridge,0.5731019883519095,0.018651399029603777,0.002526399622212258,0.040408133479470164,0.031390046596930204,0.9153864853628416,0.9234475295570401
trend,XGBoost,0.10340136054421774,0.0013192394232014414,0.001008556959929138,0.0,0.0013841902914789673,0.9984352982155127,0.9972801085322748
trend,RandomForest,0.18775510204081639,0.003465559855996175,0.0,0.003218252764937887,0.0,0.9931770123516623,0.9999418370801922
trend,Ridge,0.2802721088435374,0.0001171159785785299,9.856210662416166e-05,0.0005025695569970454,0.0,0.9993243155390781,0.9999014378933758
