branch,model,family,importance
original,RandomForest,LST control,0.6500486715773048
original,RandomForest,calendar,0.00880450757186035
original,RandomForest,drought (SPEI),0.004339457185173867
original,RandomForest,noise probe,0.0
original,RandomForest,own history,0.33680736366566094
original,Ridge,LST control,0.08355080145375998
original,Ridge,calendar,0.009873545385539069
original,Ridge,drought (SPEI),0.022946210500125748
original,Ridge,noise probe,0.0026921978246506207
original,Ridge,own history,0.8809372448359247
original,XGBoost,LST control,0.7343647740347763
original,XGBoost,calendar,0.009270028768185617
original,XGBoost,drought (SPEI),0.006089182918301895
original,XGBoost,noise probe,0.0
original,XGBoost,own history,0.25027601427873614
seasonal,RandomForest,LST control,0.5691261518426216
seasonal,RandomForest,calendar,0.009201736541247044
seasonal,RandomForest,drought (SPEI),0.012556211071979548
seasonal,RandomForest,noise probe,0.0
seasonal,RandomForest,own history,0.4091159005441516
seasonal,Ridge,LST control,0.09571257991329343
seasonal,Ridge,calendar,0.04088437335076367
seasonal,Ridge,drought (SPEI),0.021384240753871533
seasonal,Ridge,noise probe,0.0
seasonal,Ridge,own history,0.8420188059820713
seasonal,XGBoost,LST control,0.6025374524090765
seasonal,XGBoost,calendar,0.013500405253454752
seasonal,XGBoost,drought (SPEI),0.013787662810171847
seasonal,XGBoost,noise probe,0.0
seasonal,XGBoost,own history,0.37017447952729676
trend,RandomForest,LST control,0.003462064317854615
trend,RandomForest,drought (SPEI),0.002811156780256804
trend,RandomForest,noise probe,9.281892286807751e-05
trend,RandomForest,own history,0.9936339599790205
trend,Ridge,LST control,0.0004582035486644603
trend,Ridge,drought (SPEI),7.679397905910147e-05
trend,Ridge,noise probe,4.416155355770431e-05
trend,Ridge,own history,0.9994208409187189
trend,XGBoost,LST control,0.0
trend,XGBoost,drought (SPEI),0.0009031639949529165
trend,XGBoost,noise probe,0.00039559876406346537
trend,XGBoost,own history,0.9987012372409836
