branch,model,feature,importance,drop,shap
original,RandomForest,LST_lag1,0.01249468618326589,0.3033227821851028,0.07699112383732332
original,RandomForest,NDVI_lag1,0.0021750992469525506,0.23838541311485084,0.022617805008932144
original,RandomForest,NDVI_lag11,0.00029170663768960173,0.0047140426068572605,0.007063021604424106
original,RandomForest,NDVI_lag12,0.000794099592747175,-0.03880701682267129,0.017052094040900277
original,RandomForest,NDVI_lag14,5.742906122584663e-05,0.0062393315543303185,0.0017805808825834073
original,RandomForest,NDVI_lag18,0.0004530723362523743,0.012234091446329476,0.011237094677985551
original,RandomForest,NDVI_lag23,0.00020248399868988382,0.01793283231449605,0.005278239116004503
original,RandomForest,NDVI_lag24,0.00246463172894806,0.007098477073765208,0.025917815401061983
original,RandomForest,NDVI_lag3,3.5303892677315934e-05,0.0021609281866230567,0.0013746246332579383
original,RandomForest,SPEI_6_lag1,8.340937856684453e-05,0.014329296857212848,0.0032575994275676275
original,RandomForest,month_cos,0.00016923280350939214,0.022498069681774036,0.006694740060277418
original,RandomForest,noise_probe,-9.067517142809725e-06,-0.013603289666848428,0.0011504314354528378
original,Ridge,LST_lag1,0.0017442284007554334,0.020701256065327245,0.02431838206521424
original,Ridge,NDVI_lag1,0.009205940124140752,0.41618771557028245,0.06755291318929439
original,Ridge,NDVI_lag11,9.4113458817699e-05,-0.008289957425553718,0.0012615499061905911
original,Ridge,NDVI_lag12,0.002622655060965813,0.027546407969517128,0.032562030664435845
original,Ridge,NDVI_lag14,0.000825098451346868,0.03511200854445051,0.02297820455655587
original,Ridge,NDVI_lag18,0.00036343623152843853,-0.019247459651092313,0.0013798584434933205
original,Ridge,NDVI_lag23,0.00038640258130391786,0.02011880942502131,0.019162036798554643
original,Ridge,NDVI_lag24,0.003824709505117778,-0.017746166375130712,0.029673240584226365
original,Ridge,NDVI_lag3,0.001068321097242223,-0.012835012046468863,0.01556215257997724
original,Ridge,SPEI_6_lag1,0.00047903109662188306,0.013912688431444886,0.010769389526015789
original,Ridge,month_cos,0.0002061227178908166,-0.028800133840722775,0.005018760913193653
original,Ridge,noise_probe,5.620302647613066e-05,0.006413850437463564,0.004335518059368278
original,XGBoost,LST_lag1,0.01789762279169016,0.3382953694409865,0.09762627631425858
original,XGBoost,NDVI_lag1,0.003571220383465413,0.23362393102325907,0.03191419318318367
original,XGBoost,NDVI_lag11,0.00045114022421577203,0.03213038188491191,0.00648958096280694
original,XGBoost,NDVI_lag12,0.00018078288195672092,0.003607096729582482,0.003936342429369688
original,XGBoost,NDVI_lag14,7.973413331792923e-05,0.017259287774138876,0.007053980603814125
original,XGBoost,NDVI_lag18,6.970193450961868e-05,-0.0035840065993271164,0.0034845571499317884
original,XGBoost,NDVI_lag23,0.0002279814387615227,-0.014602341065857893,0.008292934857308865
original,XGBoost,NDVI_lag24,0.0014508939344126432,-0.023421061556633704,0.01449103094637394
original,XGBoost,NDVI_lag3,6.816457147494905e-05,-0.010030234813549255,0.0032298865262418985
original,XGBoost,SPEI_6_lag1,0.00014840295018863403,0.007017953081968731,0.005420270375907421
original,XGBoost,month_cos,0.00022592515875937907,0.011716800010269202,0.011689216829836369
original,XGBoost,noise_probe,-1.7329156408917515e-05,0.0010040514572604575,0.0024031999055296183
seasonal,RandomForest,LST_S_lag1,0.009289715419048807,0.17450099432951238,0.07075181608611932
seasonal,RandomForest,NDVI_S_lag1,0.0012988571442763721,0.14924627147584424,0.01650991715630668
seasonal,RandomForest,NDVI_S_lag11,0.00013668076674305988,0.009868983919931074,0.003834995001820293
seasonal,RandomForest,NDVI_S_lag12,0.0009222564004175004,-0.05323244343752742,0.014907461571643523
seasonal,RandomForest,NDVI_S_lag14,4.9686579885726777e-05,0.004138249850012654,0.0014754003287512812
seasonal,RandomForest,NDVI_S_lag18,0.0005475634064251516,-0.0019613188092068023,0.016457572178737293
seasonal,RandomForest,NDVI_S_lag23,0.0002277768695144883,0.006549585865302854,0.005607084399175345
seasonal,RandomForest,NDVI_S_lag24,0.0034168830184164887,0.04904735692511619,0.03416741132573728
seasonal,RandomForest,NDVI_S_lag3,2.739806977977955e-05,-0.009154691764914902,0.0014008998109953552
seasonal,RandomForest,NDVI_S_roll12,5.0802594209983795e-05,0.008693414625936313,0.0027802149567937736
seasonal,RandomForest,SPEI_3_S_lag5,7.324832881845771e-06,-0.009811318469189256,0.0020912186703335956
seasonal,RandomForest,SPEI_6_S_lag2,0.000197627315640148,0.04502465646536402,0.004040888889048305
seasonal,RandomForest,month_cos,0.00015019783145176114,0.014613561999004654,0.005310600049045525
seasonal,RandomForest,noise_probe,-9.558710385896106e-06,-0.010431828414651734,0.0007971704832992343
seasonal,Ridge,LST_S_lag1,0.0021843765023140628,0.04617985521243573,0.03236379910692531
seasonal,Ridge,NDVI_S_lag1,0.007151911306412356,0.27565834400774025,0.055576777173361146
seasonal,Ridge,NDVI_S_lag11,0.00011062899013887596,-0.0032347686178453294,0.001778778012263081
seasonal,Ridge,NDVI_S_lag12,0.0020140953392882616,0.024966184602408736,0.03125933426706228
seasonal,Ridge,NDVI_S_lag14,0.0019776440065468314,0.1008966324636118,0.033536680070082585
seasonal,Ridge,NDVI_S_lag18,0.00079673336475803,0.002463962411452414,0.014349120996304176
seasonal,Ridge,NDVI_S_lag23,5.585540889341189e-05,0.004310036127910921,0.010003254954726284
seasonal,Ridge,NDVI_S_lag24,0.00552978401250168,0.059384398566854735,0.0384436466149155
seasonal,Ridge,NDVI_S_lag3,0.0011884808949865174,0.012143245612084463,0.021325335414550207
seasonal,Ridge,NDVI_S_roll12,0.0003916310345134918,0.08228041339767511,0.013800323383989215
seasonal,Ridge,SPEI_3_S_lag5,4.230168374850896e-05,-0.014682609391660884,0.004524911770447563
seasonal,Ridge,SPEI_6_S_lag2,0.0004457348216398079,0.04682230466041104,0.01067058922713651
seasonal,Ridge,month_cos,0.000933073421906995,0.004730267731958282,0.020317680559054623
seasonal,Ridge,noise_probe,-2.2978884118650943e-06,-0.01792641557500374,0.0021127755851862505
seasonal,XGBoost,LST_S_lag1,0.011142535939273973,0.20968941752571557,0.09430596977472305
seasonal,XGBoost,NDVI_S_lag1,0.0020182060224183916,0.2614583260971366,0.015797678381204605
seasonal,XGBoost,NDVI_S_lag11,0.00026989632048481104,0.0454986104017332,0.00432036304846406
seasonal,XGBoost,NDVI_S_lag12,0.0006524371321372355,-0.008393264889827834,0.01081250049173832
seasonal,XGBoost,NDVI_S_lag14,0.0001098222308799618,0.02123392143281788,0.005696226842701435
seasonal,XGBoost,NDVI_S_lag18,0.0002789098681188536,0.017886368788795126,0.009760189801454544
seasonal,XGBoost,NDVI_S_lag23,0.00030024430398211,0.03555241613537086,0.007733077742159367
seasonal,XGBoost,NDVI_S_lag24,0.0029273179821059274,0.043250344748906544,0.02390877902507782
seasonal,XGBoost,NDVI_S_lag3,0.00017324869965807313,0.026878037857451798,0.005597373936325312
seasonal,XGBoost,NDVI_S_roll12,0.00011543787291729899,0.038084503992813046,0.0053252289071679115
seasonal,XGBoost,SPEI_3_S_lag5,2.675173552403665e-05,-0.010305619821371015,0.0032330709509551525
seasonal,XGBoost,SPEI_6_S_lag2,0.00022821918415354774,0.04169486552970114,0.009292948059737682
seasonal,XGBoost,month_cos,0.0002496587558664373,0.02586204522880986,0.006038854829967022
seasonal,XGBoost,noise_probe,-2.414143989145462e-05,0.010997018162515637,0.0030428364407271147
trend,RandomForest,LST_T_lag1,1.3084089424885907e-06,-0.20068856995076867,0.0001964398476489494
trend,RandomForest,NDVI_T_lag1,0.00037243496547864527,10.153142401203969,0.020623353441305763
trend,RandomForest,NDVI_T_lag10,4.4046823783950127e-07,0.027912542529696882,0.0005369057523307318
trend,RandomForest,NDVI_T_lag24,2.646058501932213e-06,0.018180529268463363,0.00017647004723290606
trend,RandomForest,SPEI_1_T_lag1,1.0624131536368226e-06,-0.5704731290477119,0.0005020773745235745
trend,RandomForest,noise_probe,3.5078813552490246e-08,0.005823528356969865,7.86165736052537e-05
trend,Ridge,LST_T_lag1,3.032443611360132e-07,-0.05020002225114406,0.00013628351687344122
trend,Ridge,NDVI_T_lag1,0.0006554367540205993,151.05167069007442,0.022949493067317916
trend,Ridge,NDVI_T_lag10,5.175440975622228e-06,2.3499944173247997,0.0033219250163544893
trend,Ridge,NDVI_T_lag24,8.159744140275845e-07,-0.07818702303406289,0.0008775862742180517
trend,Ridge,SPEI_1_T_lag1,5.0823135671353746e-08,-0.5903896589279038,6.440989947651798e-05
trend,Ridge,noise_probe,2.9226622391758402e-08,-0.03157488182956425,7.729077354202487e-05
trend,XGBoost,LST_T_lag1,-1.669864098231926e-06,0.042314485146087044,0.0005423856200650334
trend,XGBoost,NDVI_T_lag1,0.0004032441986350032,13.645774330429898,0.01966717466711998
trend,XGBoost,NDVI_T_lag10,-5.745892236078401e-07,0.03845669294472076,0.0009577585151419044
trend,XGBoost,NDVI_T_lag24,7.575533114580859e-06,-0.08911839899777563,0.00077413534745574
trend,XGBoost,SPEI_1_T_lag1,3.715201066111322e-07,-0.24380445958541908,0.0007587473373860121
trend,XGBoost,noise_probe,1.62731127260839e-07,0.02134841241853591,0.00016284971206914634
