branch,model,seed,feature,importance
original,XGBoost,0,NDVI_lag1,0.0032264422147314812
original,XGBoost,0,NDVI_lag3,8.42813450239243e-05
original,XGBoost,0,NDVI_lag11,0.0004260667233968272
original,XGBoost,0,NDVI_lag12,0.00016043676212512762
original,XGBoost,0,NDVI_lag14,9.377619524003734e-05
original,XGBoost,0,NDVI_lag18,7.769864068596217e-05
original,XGBoost,0,NDVI_lag23,0.00020802042127912574
original,XGBoost,0,NDVI_lag24,0.001413332729246197
original,XGBoost,0,month_cos,0.00015449172704699128
original,XGBoost,0,SPEI_6_lag1,0.00016645716350742397
original,XGBoost,0,LST_lag1,0.016799163835778664
original,XGBoost,0,noise_probe,1.2409854065410966e-06
original,XGBoost,1,NDVI_lag1,0.003672756058199831
original,XGBoost,1,NDVI_lag3,5.368960851199055e-05
original,XGBoost,1,NDVI_lag11,0.00042380070400150434
original,XGBoost,1,NDVI_lag12,0.00014499692641629214
original,XGBoost,1,NDVI_lag14,8.493410447761209e-05
original,XGBoost,1,NDVI_lag18,4.9452831732533913e-05
original,XGBoost,1,NDVI_lag23,0.00021160936151245831
original,XGBoost,1,NDVI_lag24,0.0015702974855698558
original,XGBoost,1,month_cos,0.00021300008998911536
original,XGBoost,1,SPEI_6_lag1,0.00016023941138584272
original,XGBoost,1,LST_lag1,0.017259274201702174
original,XGBoost,1,noise_probe,-2.6174738347232398e-05
original,XGBoost,2,NDVI_lag1,0.003847517784016794
original,XGBoost,2,NDVI_lag3,6.473339404599792e-05
original,XGBoost,2,NDVI_lag11,0.00044204911306855183
original,XGBoost,2,NDVI_lag12,0.00019012948769114873
original,XGBoost,2,NDVI_lag14,5.9972579183567535e-05
original,XGBoost,2,NDVI_lag18,0.00010134453536863983
original,XGBoost,2,NDVI_lag23,0.00024073690243936406
original,XGBoost,2,NDVI_lag24,0.0014880096074873354
original,XGBoost,2,month_cos,0.0002789097724465194
original,XGBoost,2,SPEI_6_lag1,0.00015512238212849272
original,XGBoost,2,LST_lag1,0.018405919029643614
original,XGBoost,2,noise_probe,-2.6303588658594907e-05
original,XGBoost,3,NDVI_lag1,0.0036964962743726596
original,XGBoost,3,NDVI_lag3,6.313786573833766e-05
original,XGBoost,3,NDVI_lag11,0.0004873375068999519
original,XGBoost,3,NDVI_lag12,0.0002360221678357242
original,XGBoost,3,NDVI_lag14,6.445177607073797e-05
original,XGBoost,3,NDVI_lag18,6.394935794769798e-05
original,XGBoost,3,NDVI_lag23,0.00023437083352991625
original,XGBoost,3,NDVI_lag24,0.0014076825832393693
original,XGBoost,3,month_cos,0.00027620600052846126
original,XGBoost,3,SPEI_6_lag1,0.00012337036305058537
original,XGBoost,3,LST_lag1,0.019147208916569
original,XGBoost,3,noise_probe,-1.68377041754732e-05
original,XGBoost,4,NDVI_lag1,0.003412889586006297
original,XGBoost,4,NDVI_lag3,7.498064405449484e-05
original,XGBoost,4,NDVI_lag11,0.00047644707371202516
original,XGBoost,4,NDVI_lag12,0.000172329065715312
original,XGBoost,4,NDVI_lag14,9.553601161769117e-05
original,XGBoost,4,NDVI_lag18,5.606430681325955e-05
original,XGBoost,4,NDVI_lag23,0.00024516967504674913
original,XGBoost,4,NDVI_lag24,0.0013751472665204582
original,XGBoost,4,month_cos,0.0002070182037858081
original,XGBoost,4,SPEI_6_lag1,0.0001368254308708253
original,XGBoost,4,LST_lag1,0.01787654797475735
original,XGBoost,4,noise_probe,-1.857073626982816e-05
original,RandomForest,0,NDVI_lag1,0.002100434160557464
original,RandomForest,0,NDVI_lag3,3.123773887524046e-05
original,RandomForest,0,NDVI_lag11,0.00026295681906699826
original,RandomForest,0,NDVI_lag12,0.0006081426215012768
original,RandomForest,0,NDVI_lag14,5.4380607309746815e-05
original,RandomForest,0,NDVI_lag18,0.00040257438295008424
original,RandomForest,0,NDVI_lag23,0.00019214423526775848
original,RandomForest,0,NDVI_lag24,0.0022487312028717883
original,RandomForest,0,month_cos,0.00014275999365207884
original,RandomForest,0,SPEI_6_lag1,7.612272593791978e-05
original,RandomForest,0,LST_lag1,0.012058868315374902
original,RandomForest,0,noise_probe,-3.7985966734645133e-06
original,RandomForest,1,NDVI_lag1,0.0021791917898770535
original,RandomForest,1,NDVI_lag3,3.390023234483191e-05
original,RandomForest,1,NDVI_lag11,0.0002892381357974968
original,RandomForest,1,NDVI_lag12,0.0007870462672466694
original,RandomForest,1,NDVI_lag14,5.77541657314611e-05
original,RandomForest,1,NDVI_lag18,0.00038458078663742385
original,RandomForest,1,NDVI_lag23,0.0002068105238867534
original,RandomForest,1,NDVI_lag24,0.0024068972510923803
original,RandomForest,1,month_cos,0.00017205999345637333
original,RandomForest,1,SPEI_6_lag1,8.54337817307829e-05
original,RandomForest,1,LST_lag1,0.012794841746669228
original,RandomForest,1,noise_probe,-1.8145068621417756e-05
original,RandomForest,2,NDVI_lag1,0.0022494021531480153
original,RandomForest,2,NDVI_lag3,4.76331303610512e-05
original,RandomForest,2,NDVI_lag11,0.00031728691740429425
original,RandomForest,2,NDVI_lag12,0.0008465711460188642
original,RandomForest,2,NDVI_lag14,6.586195613659789e-05
original,RandomForest,2,NDVI_lag18,0.0005458395729543371
original,RandomForest,2,NDVI_lag23,0.00019589158027622801
original,RandomForest,2,NDVI_lag24,0.0025702749146647593
original,RandomForest,2,month_cos,0.0002004830768184823
original,RandomForest,2,SPEI_6_lag1,9.446312422952712e-05
original,RandomForest,2,LST_lag1,0.013015817385747929
original,RandomForest,2,noise_probe,-4.692994156841215e-06
original,RandomForest,3,NDVI_lag1,0.0023193934934247424
original,RandomForest,3,NDVI_lag3,3.601023056836679e-05
original,RandomForest,3,NDVI_lag11,0.00028723887631498335
original,RandomForest,3,NDVI_lag12,0.0008888656292871243
original,RandomForest,3,NDVI_lag14,5.614728515499299e-05
original,RandomForest,3,NDVI_lag18,0.0005205589982189643
original,RandomForest,3,NDVI_lag23,0.00022401962539150502
original,RandomForest,3,NDVI_lag24,0.0025987577821896335
original,RandomForest,3,month_cos,0.00016840319945402466
original,RandomForest,3,SPEI_6_lag1,9.253786169713988e-05
original,RandomForest,3,LST_lag1,0.012251908077765949
original,RandomForest,3,noise_probe,-3.112512513680989e-06
original,RandomForest,4,NDVI_lag1,0.0020270746377554763
original,RandomForest,4,NDVI_lag3,2.7738131237086934e-05
original,RandomForest,4,NDVI_lag11,0.00030181243986423286
original,RandomForest,4,NDVI_lag12,0.0008398722996819374
original,RandomForest,4,NDVI_lag14,5.3001291796432e-05
original,RandomForest,4,NDVI_lag18,0.00041180794050105966
original,RandomForest,4,NDVI_lag23,0.00019355402862717178
original,RandomForest,4,NDVI_lag24,0.002498497493921737
original,RandomForest,4,month_cos,0.00016245775416599866
original,RandomForest,4,SPEI_6_lag1,6.848939923885067e-05
original,RandomForest,4,LST_lag1,0.01235199539077144
original,RandomForest,4,noise_probe,-1.5588413748646716e-05
original,Ridge,0,NDVI_lag1,0.008759403928926815
original,Ridge,0,NDVI_lag3,0.0010168601098219086
original,Ridge,0,NDVI_lag11,9.453994340539976e-05
original,Ridge,0,NDVI_lag12,0.0024527652100372298
original,Ridge,0,NDVI_lag14,0.0008451137283922484
original,Ridge,0,NDVI_lag18,0.00033599762262888854
original,Ridge,0,NDVI_lag23,0.00035298412282373846
original,Ridge,0,NDVI_lag24,0.0035883749699428475
original,Ridge,0,month_cos,0.00022435122374776692
original,Ridge,0,SPEI_6_lag1,0.0004349989838888952
original,Ridge,0,LST_lag1,0.0016264395147262416
original,Ridge,0,noise_probe,6.79101825560785e-05
original,Ridge,1,NDVI_lag1,0.009199981473351718
original,Ridge,1,NDVI_lag3,0.001044884655679598
original,Ridge,1,NDVI_lag11,0.00010552261235793078
original,Ridge,1,NDVI_lag12,0.00264633978056411
original,Ridge,1,NDVI_lag14,0.0008065412209758372
original,Ridge,1,NDVI_lag18,0.00030910168355248105
original,Ridge,1,NDVI_lag23,0.00037422476031536556
original,Ridge,1,NDVI_lag24,0.003797870791701078
original,Ridge,1,month_cos,0.0002314062060341419
original,Ridge,1,SPEI_6_lag1,0.0004925482740377929
original,Ridge,1,LST_lag1,0.0017164796478006243
original,Ridge,1,noise_probe,6.246279426693735e-05
original,Ridge,2,NDVI_lag1,0.009597603784619397
original,Ridge,2,NDVI_lag3,0.0010577345228309427
original,Ridge,2,NDVI_lag11,0.00010333482439491847
original,Ridge,2,NDVI_lag12,0.002781221850948532
original,Ridge,2,NDVI_lag14,0.0007928672250524674
original,Ridge,2,NDVI_lag18,0.0004166321526256517
original,Ridge,2,NDVI_lag23,0.00042750664376705005
original,Ridge,2,NDVI_lag24,0.0040348833247479034
original,Ridge,2,month_cos,0.00016472069066638604
original,Ridge,2,SPEI_6_lag1,0.0005404520287053237
original,Ridge,2,LST_lag1,0.001902655110050062
original,Ridge,2,noise_probe,7.46562274446748e-05
original,Ridge,3,NDVI_lag1,0.009342793408467054
original,Ridge,3,NDVI_lag3,0.0011599599193800284
original,Ridge,3,NDVI_lag11,9.020547528341544e-05
original,Ridge,3,NDVI_lag12,0.0027187737419596286
original,Ridge,3,NDVI_lag14,0.0008644682180558192
original,Ridge,3,NDVI_lag18,0.00039932759804383667
original,Ridge,3,NDVI_lag23,0.00041296479095672637
original,Ridge,3,NDVI_lag24,0.003979145231734401
original,Ridge,3,month_cos,0.00019606353114266952
original,Ridge,3,SPEI_6_lag1,0.0004545394078195542
original,Ridge,3,LST_lag1,0.0017743236581887977
original,Ridge,3,noise_probe,3.0105243302181286e-05
original,Ridge,4,NDVI_lag1,0.009129918025338772
original,Ridge,4,NDVI_lag3,0.0010621662784986376
original,Ridge,4,NDVI_lag11,7.696443864683056e-05
original,Ridge,4,NDVI_lag12,0.0025141747213195628
original,Ridge,4,NDVI_lag14,0.0008165018642579675
original,Ridge,4,NDVI_lag18,0.0003561221007913347
original,Ridge,4,NDVI_lag23,0.0003643325886567089
original,Ridge,4,NDVI_lag24,0.003723273207462661
original,Ridge,4,month_cos,0.00021407193786311863
original,Ridge,4,SPEI_6_lag1,0.00047261678865784945
original,Ridge,4,LST_lag1,0.0017012440730114424
original,Ridge,4,noise_probe,4.5880684810781366e-05
seasonal,XGBoost,0,NDVI_S_lag1,0.0011858253201260053
seasonal,XGBoost,0,NDVI_S_lag3,0.0001483005525974412
seasonal,XGBoost,0,NDVI_S_lag11,0.0003729126098120705
seasonal,XGBoost,0,NDVI_S_lag12,0.00033357766065872976
seasonal,XGBoost,0,NDVI_S_lag14,0.00013287434538870538
seasonal,XGBoost,0,NDVI_S_lag18,9.57744774499149e-05
seasonal,XGBoost,0,NDVI_S_lag23,0.0003039906457325182
seasonal,XGBoost,0,NDVI_S_lag24,0.002692963172010158
seasonal,XGBoost,0,NDVI_S_roll12,8.800835022376462e-05
seasonal,XGBoost,0,month_cos,0.0002847152267660508
seasonal,XGBoost,0,SPEI_3_S_lag5,-6.1606183495413425e-06
seasonal,XGBoost,0,SPEI_6_S_lag2,0.00019518155433581675
seasonal,XGBoost,0,LST_S_lag1,0.013779574209428847
seasonal,XGBoost,0,noise_probe,3.03815896292497e-07
seasonal,XGBoost,1,NDVI_S_lag1,0.0018983571472255395
seasonal,XGBoost,1,NDVI_S_lag3,0.00033296784761062853
seasonal,XGBoost,1,NDVI_S_lag11,0.00020533041865263254
seasonal,XGBoost,1,NDVI_S_lag12,0.00035893601689556906
seasonal,XGBoost,1,NDVI_S_lag14,1.551307120906479e-05
seasonal,XGBoost,1,NDVI_S_lag18,0.00023664557838602528
seasonal,XGBoost,1,NDVI_S_lag23,0.00020840587175023764
seasonal,XGBoost,1,NDVI_S_lag24,0.0031790256622006934
seasonal,XGBoost,1,NDVI_S_roll12,7.87325778637398e-05
seasonal,XGBoost,1,month_cos,0.0003903857786939619
seasonal,XGBoost,1,SPEI_3_S_lag5,2.9332496811294472e-05
seasonal,XGBoost,1,SPEI_6_S_lag2,0.00027352665212416463
seasonal,XGBoost,1,LST_S_lag1,0.012157205505503001
seasonal,XGBoost,1,noise_probe,-1.1421131368701678e-05
seasonal,XGBoost,2,NDVI_S_lag1,0.0021035032164592863
seasonal,XGBoost,2,NDVI_S_lag3,7.41907372932899e-05
seasonal,XGBoost,2,NDVI_S_lag11,0.0004071031125909977
seasonal,XGBoost,2,NDVI_S_lag12,0.0010991913323326016
seasonal,XGBoost,2,NDVI_S_lag14,0.0001136086312398609
seasonal,XGBoost,2,NDVI_S_lag18,0.00032010205871220427
seasonal,XGBoost,2,NDVI_S_lag23,0.00033386818858620294
seasonal,XGBoost,2,NDVI_S_lag24,0.0022828070659063606
seasonal,XGBoost,2,NDVI_S_roll12,0.00012118029579558947
seasonal,XGBoost,2,month_cos,9.653125343885992e-05
seasonal,XGBoost,2,SPEI_3_S_lag5,5.6021907664433276e-05
seasonal,XGBoost,2,SPEI_6_S_lag2,0.00029221708877554377
seasonal,XGBoost,2,LST_S_lag1,0.011839105300706733
seasonal,XGBoost,2,noise_probe,-1.2511635110225273e-05
seasonal,XGBoost,3,NDVI_S_lag1,0.0026090435778112334
seasonal,XGBoost,3,NDVI_S_lag3,0.00014968930440271137
seasonal,XGBoost,3,NDVI_S_lag11,0.0001669417209482154
seasonal,XGBoost,3,NDVI_S_lag12,0.0006954516783008018
seasonal,XGBoost,3,NDVI_S_lag14,0.00012610340151336528
seasonal,XGBoost,3,NDVI_S_lag18,0.000380479994561627
seasonal,XGBoost,3,NDVI_S_lag23,0.00024880302145984185
seasonal,XGBoost,3,NDVI_S_lag24,0.004200095725692238
seasonal,XGBoost,3,NDVI_S_roll12,0.00016532688540119296
seasonal,XGBoost,3,month_cos,0.00044494910403516843
seasonal,XGBoost,3,SPEI_3_S_lag5,4.380688653308751e-05
seasonal,XGBoost,3,SPEI_6_S_lag2,0.0002073331263266863
seasonal,XGBoost,3,LST_S_lag1,0.007142899349802644
seasonal,XGBoost,3,noise_probe,-7.84510975277838e-05
seasonal,XGBoost,4,NDVI_S_lag1,0.0022943008504698937
seasonal,XGBoost,4,NDVI_S_lag3,0.00016109505638629466
seasonal,XGBoost,4,NDVI_S_lag11,0.00019719374042013915
seasonal,XGBoost,4,NDVI_S_lag12,0.0007750289724984752
seasonal,XGBoost,4,NDVI_S_lag14,0.0001610117050488127
seasonal,XGBoost,4,NDVI_S_lag18,0.00036154723148449654
seasonal,XGBoost,4,NDVI_S_lag23,0.00040615379238174943
seasonal,XGBoost,4,NDVI_S_lag24,0.002281698284720186
seasonal,XGBoost,4,NDVI_S_roll12,0.0001239412553022081
seasonal,XGBoost,4,month_cos,3.171241639814553e-05
seasonal,XGBoost,4,SPEI_3_S_lag5,1.0758004960909344e-05
seasonal,XGBoost,4,SPEI_6_S_lag2,0.0001728374992055272
seasonal,XGBoost,4,LST_S_lag1,0.010793895330928638
seasonal,XGBoost,4,noise_probe,-1.8627151346854845e-05
seasonal,RandomForest,0,NDVI_S_lag1,0.0012383618729011677
seasonal,RandomForest,0,NDVI_S_lag3,2.47456512566029e-05
seasonal,RandomForest,0,NDVI_S_lag11,0.00012238208507243088
seasonal,RandomForest,0,NDVI_S_lag12,0.0008430795695002167
seasonal,RandomForest,0,NDVI_S_lag14,4.0839705906484545e-05
seasonal,RandomForest,0,NDVI_S_lag18,0.000460191914831645
seasonal,RandomForest,0,NDVI_S_lag23,0.00019336955223554593
seasonal,RandomForest,0,NDVI_S_lag24,0.0031523628212069025
seasonal,RandomForest,0,NDVI_S_roll12,3.683522200391259e-05
seasonal,RandomForest,0,month_cos,0.0001231299126150661
seasonal,RandomForest,0,SPEI_3_S_lag5,7.254378181803956e-06
seasonal,RandomForest,0,SPEI_6_S_lag2,0.00019756800994828383
seasonal,RandomForest,0,LST_S_lag1,0.009119325441856882
seasonal,RandomForest,0,noise_probe,-1.2523745097483733e-05
seasonal,RandomForest,1,NDVI_S_lag1,0.0013200709700881027
seasonal,RandomForest,1,NDVI_S_lag3,3.144343596090611e-05
seasonal,RandomForest,1,NDVI_S_lag11,0.0001409462046128613
seasonal,RandomForest,1,NDVI_S_lag12,0.0008567696072934842
seasonal,RandomForest,1,NDVI_S_lag14,4.781091983042537e-05
seasonal,RandomForest,1,NDVI_S_lag18,0.0005518264891839361
seasonal,RandomForest,1,NDVI_S_lag23,0.00022464383883074815
seasonal,RandomForest,1,NDVI_S_lag24,0.0032129851096678085
seasonal,RandomForest,1,NDVI_S_roll12,3.449053852831024e-05
seasonal,RandomForest,1,month_cos,0.00016625061646364999
seasonal,RandomForest,1,SPEI_3_S_lag5,1.1187730633752962e-06
seasonal,RandomForest,1,SPEI_6_S_lag2,0.00020171927278774308
seasonal,RandomForest,1,LST_S_lag1,0.009498390009031622
seasonal,RandomForest,1,noise_probe,-1.2930217669905825e-05
seasonal,RandomForest,2,NDVI_S_lag1,0.0013740566017264651
seasonal,RandomForest,2,NDVI_S_lag3,4.341373945569582e-05
seasonal,RandomForest,2,NDVI_S_lag11,0.00013666042912507525
seasonal,RandomForest,2,NDVI_S_lag12,0.0010362888744503637
seasonal,RandomForest,2,NDVI_S_lag14,5.1874916542953375e-05
seasonal,RandomForest,2,NDVI_S_lag18,0.0007261192836984494
seasonal,RandomForest,2,NDVI_S_lag23,0.00024773888967946075
seasonal,RandomForest,2,NDVI_S_lag24,0.003384226781438936
seasonal,RandomForest,2,NDVI_S_roll12,5.988803421410939e-05
seasonal,RandomForest,2,month_cos,0.00015470914334519292
seasonal,RandomForest,2,SPEI_3_S_lag5,1.443329554585615e-05
seasonal,RandomForest,2,SPEI_6_S_lag2,0.00021980302807081252
seasonal,RandomForest,2,LST_S_lag1,0.00942844089576651
seasonal,RandomForest,2,noise_probe,-6.775092176212466e-06
seasonal,RandomForest,3,NDVI_S_lag1,0.00134754432532055
seasonal,RandomForest,3,NDVI_S_lag3,2.364411871047724e-05
seasonal,RandomForest,3,NDVI_S_lag11,0.0001366630622878649
seasonal,RandomForest,3,NDVI_S_lag12,0.0009446298454447993
seasonal,RandomForest,3,NDVI_S_lag14,5.662282306101715e-05
seasonal,RandomForest,3,NDVI_S_lag18,0.0005212465582206114
seasonal,RandomForest,3,NDVI_S_lag23,0.0002458818464861792
seasonal,RandomForest,3,NDVI_S_lag24,0.0037285138333856354
seasonal,RandomForest,3,NDVI_S_roll12,6.236878468197857e-05
seasonal,RandomForest,3,month_cos,0.00016585068217286157
seasonal,RandomForest,3,SPEI_3_S_lag5,6.765866000488387e-06
seasonal,RandomForest,3,SPEI_6_S_lag2,0.00019249370910983543
seasonal,RandomForest,3,LST_S_lag1,0.009668162863379712
seasonal,RandomForest,3,noise_probe,-8.389094851920457e-06
seasonal,RandomForest,4,NDVI_S_lag1,0.0012142519513455754
seasonal,RandomForest,4,NDVI_S_lag3,1.3743403515215186e-05
seasonal,RandomForest,4,NDVI_S_lag11,0.00014675205261706635
seasonal,RandomForest,4,NDVI_S_lag12,0.000930514105398637
seasonal,RandomForest,4,NDVI_S_lag14,5.128453408775283e-05
seasonal,RandomForest,4,NDVI_S_lag18,0.00047843278619111567
seasonal,RandomForest,4,NDVI_S_lag23,0.00022725022034050688
seasonal,RandomForest,4,NDVI_S_lag24,0.0036063265463831618
seasonal,RandomForest,4,NDVI_S_roll12,6.043039162160771e-05
seasonal,RandomForest,4,month_cos,0.00014104880266203434
seasonal,RandomForest,4,SPEI_3_S_lag5,7.051851617704623e-06
seasonal,RandomForest,4,SPEI_6_S_lag2,0.00017655255828406428
seasonal,RandomForest,4,LST_S_lag1,0.008734257885209307
seasonal,RandomForest,4,noise_probe,-7.175402133958742e-06
seasonal,Ridge,0,NDVI_S_lag1,0.00677553377039551
seasonal,Ridge,0,NDVI_S_lag3,0.001139126616555433
seasonal,Ridge,0,NDVI_S_lag11,0.00010173547476812752
seasonal,Ridge,0,NDVI_S_lag12,0.001878499867543958
seasonal,Ridge,0,NDVI_S_lag14,0.0019942233142341637
seasonal,Ridge,0,NDVI_S_lag18,0.0007406283391573782
seasonal,Ridge,0,NDVI_S_lag23,4.398012923770746e-05
seasonal,Ridge,0,NDVI_S_lag24,0.00523639233943485
seasonal,Ridge,0,NDVI_S_roll12,0.00030606658651151873
seasonal,Ridge,0,month_cos,0.0009354876818333798
seasonal,Ridge,0,SPEI_3_S_lag5,3.733924124491642e-05
seasonal,Ridge,0,SPEI_6_S_lag2,0.00040902210368251373
seasonal,Ridge,0,LST_S_lag1,0.002023443152480166
seasonal,Ridge,0,noise_probe,4.921036633170583e-07
seasonal,Ridge,1,NDVI_S_lag1,0.007186365583397279
seasonal,Ridge,1,NDVI_S_lag3,0.001134316602494216
seasonal,Ridge,1,NDVI_S_lag11,9.957336626968452e-05
seasonal,Ridge,1,NDVI_S_lag12,0.002039606948254517
seasonal,Ridge,1,NDVI_S_lag14,0.001929684334075753
seasonal,Ridge,1,NDVI_S_lag18,0.0007671136252753711
seasonal,Ridge,1,NDVI_S_lag23,4.1920143071920215e-05
seasonal,Ridge,1,NDVI_S_lag24,0.005507070689739053
seasonal,Ridge,1,NDVI_S_roll12,0.000395788292367896
seasonal,Ridge,1,month_cos,0.0010023079156420965
seasonal,Ridge,1,SPEI_3_S_lag5,4.5431322801334544e-05
seasonal,Ridge,1,SPEI_6_S_lag2,0.00044905268582259893
seasonal,Ridge,1,LST_S_lag1,0.0021846257713061543
seasonal,Ridge,1,noise_probe,4.024564670710786e-07
seasonal,Ridge,2,NDVI_S_lag1,0.007444346529122027
seasonal,Ridge,2,NDVI_S_lag3,0.0011812344828015663
seasonal,Ridge,2,NDVI_S_lag11,0.00012296614650201886
seasonal,Ridge,2,NDVI_S_lag12,0.0021140537760547693
seasonal,Ridge,2,NDVI_S_lag14,0.0019335617712585823
seasonal,Ridge,2,NDVI_S_lag18,0.0008831524203068725
seasonal,Ridge,2,NDVI_S_lag23,6.196098335808727e-05
seasonal,Ridge,2,NDVI_S_lag24,0.005808984575941044
seasonal,Ridge,2,NDVI_S_roll12,0.0004182930102327702
seasonal,Ridge,2,month_cos,0.0009245990545941891
seasonal,Ridge,2,SPEI_3_S_lag5,5.045079753764713e-05
seasonal,Ridge,2,SPEI_6_S_lag2,0.00046972135745163013
seasonal,Ridge,2,LST_S_lag1,0.002369277776654286
seasonal,Ridge,2,noise_probe,-5.251451003730446e-07
seasonal,Ridge,3,NDVI_S_lag1,0.0073183671987244224
seasonal,Ridge,3,NDVI_S_lag3,0.0012943831876156108
seasonal,Ridge,3,NDVI_S_lag11,0.00012832112490191846
seasonal,Ridge,3,NDVI_S_lag12,0.002106363693249162
seasonal,Ridge,3,NDVI_S_lag14,0.002062788520750101
seasonal,Ridge,3,NDVI_S_lag18,0.0008350264287738061
seasonal,Ridge,3,NDVI_S_lag23,8.100163661016476e-05
seasonal,Ridge,3,NDVI_S_lag24,0.005715523673401238
seasonal,Ridge,3,NDVI_S_roll12,0.00042434752450467114
seasonal,Ridge,3,month_cos,0.0008899964933857633
seasonal,Ridge,3,SPEI_3_S_lag5,2.8308735437186933e-05
seasonal,Ridge,3,SPEI_6_S_lag2,0.00044757084953589085
seasonal,Ridge,3,LST_S_lag1,0.0022380856153641467
seasonal,Ridge,3,noise_probe,-2.407040783447683e-06
seasonal,Ridge,4,NDVI_S_lag1,0.007034943450422546
seasonal,Ridge,4,NDVI_S_lag3,0.001193343585465761
seasonal,Ridge,4,NDVI_S_lag11,0.00010054883825263035
seasonal,Ridge,4,NDVI_S_lag12,0.0019319524113389007
seasonal,Ridge,4,NDVI_S_lag14,0.0019679620924155576
seasonal,Ridge,4,NDVI_S_lag18,0.0007577460102767223
seasonal,Ridge,4,NDVI_S_lag23,5.041415218917977e-05
seasonal,Ridge,4,NDVI_S_lag24,0.005380948783992213
seasonal,Ridge,4,NDVI_S_roll12,0.00041365975895060286
seasonal,Ridge,4,month_cos,0.0009129759640795467
seasonal,Ridge,4,SPEI_3_S_lag5,4.9978321721459736e-05
seasonal,Ridge,4,SPEI_6_S_lag2,0.00045330711170640575
seasonal,Ridge,4,LST_S_lag1,0.00210645019576556
seasonal,Ridge,4,noise_probe,-9.451816305892881e-06
trend,XGBoost,0,NDVI_T_lag1,0.00046821645108676416
trend,XGBoost,0,NDVI_T_lag10,4.740486265297124e-07
trend,XGBoost,0,NDVI_T_lag24,7.222066990793044e-07
trend,XGBoost,0,LST_T_lag1,-8.162843281892108e-07
trend,XGBoost,0,noise_probe,-6.187001973711233e-08
trend,XGBoost,1,NDVI_T_lag1,0.0004428890709928969
trend,XGBoost,1,NDVI_T_lag10,-4.1305236270287196e-07
trend,XGBoost,1,NDVI_T_lag24,1.5550634532318973e-05
trend,XGBoost,1,LST_T_lag1,-1.916648140504736e-06
trend,XGBoost,1,noise_probe,2.2823536263594466e-07
trend,XGBoost,2,NDVI_T_lag1,0.0004226315055838303
trend,XGBoost,2,NDVI_T_lag10,1.4603852891768797e-07
trend,XGBoost,2,NDVI_T_lag24,1.9793522352799237e-05
trend,XGBoost,2,LST_T_lag1,9.275608627965319e-08
trend,XGBoost,2,noise_probe,1.098688415713301e-07
trend,XGBoost,3,NDVI_T_lag1,0.00039205899263841974
trend,XGBoost,3,NDVI_T_lag10,1.2869130213206174e-07
trend,XGBoost,3,NDVI_T_lag24,1.660832760907998e-05
trend,XGBoost,3,LST_T_lag1,-2.856621772764471e-07
trend,XGBoost,3,noise_probe,-5.9235505972824334e-08
trend,XGBoost,4,NDVI_T_lag1,0.00042792374654708113
trend,XGBoost,4,NDVI_T_lag10,2.2402603590900188e-08
trend,XGBoost,4,NDVI_T_lag24,1.321598531746689e-05
trend,XGBoost,4,LST_T_lag1,-7.044909596242306e-07
trend,XGBoost,4,noise_probe,1.054930614314772e-07
trend,RandomForest,0,NDVI_T_lag1,0.0004430705174217203
trend,RandomForest,0,NDVI_T_lag10,1.0357668696528745e-06
trend,RandomForest,0,NDVI_T_lag24,3.498977568191397e-06
trend,RandomForest,0,LST_T_lag1,1.7253862836227508e-06
trend,RandomForest,0,noise_probe,9.691016944913085e-08
trend,RandomForest,1,NDVI_T_lag1,0.00048142537964036906
trend,RandomForest,1,NDVI_T_lag10,1.1819824543578102e-06
trend,RandomForest,1,NDVI_T_lag24,3.5154462907354366e-06
trend,RandomForest,1,LST_T_lag1,1.7762541971663583e-06
trend,RandomForest,1,noise_probe,2.495034615791638e-07
trend,RandomForest,2,NDVI_T_lag1,0.00048259220342590443
trend,RandomForest,2,NDVI_T_lag10,1.0934224218050463e-06
trend,RandomForest,2,NDVI_T_lag24,3.031579532228837e-06
trend,RandomForest,2,LST_T_lag1,2.0031564000578205e-06
trend,RandomForest,2,noise_probe,1.2221476131431168e-07
trend,RandomForest,3,NDVI_T_lag1,0.0004439243267631009
trend,RandomForest,3,NDVI_T_lag10,8.398491956970983e-07
trend,RandomForest,3,NDVI_T_lag24,2.8673286513044477e-06
trend,RandomForest,3,LST_T_lag1,1.707859348929163e-06
trend,RandomForest,3,noise_probe,1.8169112153359595e-07
trend,RandomForest,4,NDVI_T_lag1,0.0004575488814950535
trend,RandomForest,4,NDVI_T_lag10,1.175487695735636e-06
trend,RandomForest,4,NDVI_T_lag24,3.010884563365746e-06
trend,RandomForest,4,LST_T_lag1,1.8670583461939877e-06
trend,RandomForest,4,noise_probe,7.4177311404693e-08
trend,Ridge,0,NDVI_T_lag1,0.0006442527517179083
trend,Ridge,0,NDVI_T_lag10,7.61915484022787e-06
trend,Ridge,0,NDVI_T_lag24,6.19803577552851e-07
trend,Ridge,0,LST_T_lag1,7.514131814495862e-08
trend,Ridge,0,noise_probe,4.091184009960633e-08
trend,Ridge,1,NDVI_T_lag1,0.0006928227900418584
trend,Ridge,1,NDVI_T_lag10,7.88438736938602e-06
trend,Ridge,1,NDVI_T_lag24,6.572720335813292e-07
trend,Ridge,1,LST_T_lag1,8.096598113602355e-08
trend,Ridge,1,noise_probe,4.067627779281926e-08
trend,Ridge,2,NDVI_T_lag1,0.0006946166773056999
trend,Ridge,2,NDVI_T_lag10,7.881319989248204e-06
trend,Ridge,2,NDVI_T_lag24,6.717485836972272e-07
trend,Ridge,2,LST_T_lag1,7.793080797889803e-08
trend,Ridge,2,noise_probe,3.875187275750313e-08
trend,Ridge,3,NDVI_T_lag1,0.0006550326096031595
trend,Ridge,3,NDVI_T_lag10,7.029430466171281e-06
trend,Ridge,3,NDVI_T_lag24,5.849574675221938e-07
trend,Ridge,3,LST_T_lag1,8.910351283001269e-08
trend,Ridge,3,noise_probe,4.4635239948241006e-08
trend,Ridge,4,NDVI_T_lag1,0.0006779749964857567
trend,Ridge,4,NDVI_T_lag10,7.498021471967205e-06
trend,Ridge,4,NDVI_T_lag24,6.489312144044529e-07
trend,Ridge,4,LST_T_lag1,1.096811319129273e-07
trend,Ridge,4,noise_probe,4.3036098426639736e-08
