branch,model,strategy,k,RMSE_mean,RMSE_sd,R2_mean,R2_sd,delta,delta_RMSE,floor,beyond_floor
original,XGBoost,all,12,0.05496766466301343,0.0005192189968367159,0.8778418699103817,0.0023164620614287905,0.0,0.0,0.0023164620614287905,False
original,XGBoost,own top-k,5,0.05625182588067412,0.0003939444577900183,0.8720725912633487,0.0017923326876560508,-0.005769278647033027,0.001284161217660694,0.0023164620614287905,True
original,XGBoost,stratified,5,0.05555574368391608,0.00048000748080659795,0.875215855339159,0.002150254694225765,-0.00262601457122269,0.0005880790209026529,0.0023164620614287905,False
original,XGBoost,Ridge weights,5,0.057554506478329645,0.0002680158127336553,0.8660825589570935,0.0012494816998423824,-0.011759310953288193,0.0025868418153162168,0.0023164620614287905,True
original,RandomForest,all,12,0.05814177783391047,0.00041751912306282234,0.8633316140652795,0.0019659134575533864,0.0,0.0,0.0019659134575533864,False
original,RandomForest,own top-k,5,0.05911270864387669,0.00037012632747161783,0.8587306972195463,0.0017737720867657895,-0.004600916845733161,0.0009709308099662209,0.0019659134575533864,True
original,RandomForest,stratified,5,0.05474842646726371,0.00039753324736769565,0.8788188035960223,0.0017628530787837256,0.015487189530742795,-0.0033933513666467574,0.0019659134575533864,True
original,RandomForest,Ridge weights,5,0.0590766784700548,0.00029200914957658926,0.8589049409820365,0.001393619411923599,-0.00442667308324296,0.000934900636144334,0.0019659134575533864,True
original,Ridge,all,12,0.0584405287012065,0.0,0.8619306347023572,0.0,0.0,0.0,0.0,False
original,Ridge,own top-k,5,0.06060079638057402,0.0,0.8515344406721496,0.0,-0.01039619403020764,0.002160267679367521,0.0,True
original,Ridge,stratified,5,0.062427578570235634,0.0,0.8424486837797666,0.0,-0.01948195092259064,0.003987049869029133,0.0,True
original,Ridge,Ridge weights,5,0.06661616281239513,0.0,0.8205975861954797,0.0,-0.04133304850687747,0.008175634111188629,0.0,True
seasonal,XGBoost,all,15,0.05611841958407404,0.0026655671938671604,0.8692646193136045,0.01242064922844667,0.0,0.0,0.01242064922844667,False
seasonal,XGBoost,own top-k,5,0.05996697938343916,0.003779538670869236,0.850462655877022,0.018547397845275104,-0.01880196343658258,0.003848559799365117,0.018547397845275104,False
seasonal,XGBoost,stratified,5,0.05921718844652949,0.002232180375218407,0.854549318898156,0.010849921134054133,-0.014715300415448551,0.003098768862455449,0.01242064922844667,False
seasonal,XGBoost,Ridge weights,5,0.058581749710429135,0.0025002797289243785,0.8575971735019687,0.01203271437291534,-0.011667445811635813,0.0024633301263550927,0.01242064922844667,False
seasonal,RandomForest,all,15,0.055773220871585684,0.0003774238532465448,0.8711528312812383,0.0017456895252954527,0.0,0.0,0.0017456895252954527,False
seasonal,RandomForest,own top-k,5,0.05874788739521021,0.0003220254550966304,0.8570444246554189,0.0015674414845010904,-0.01410840662581947,0.0029746665236245265,0.0017456895252954527,True
seasonal,RandomForest,stratified,5,0.0549676968684615,0.0003257437761480097,0.8748491297370098,0.0014826791436853245,0.003696298455771463,-0.0008055240031241834,0.0017456895252954527,True
seasonal,RandomForest,Ridge weights,5,0.057916871345835286,0.0002670209688803409,0.861061386941353,0.0012807300967681294,-0.010091444339885292,0.002143650474249602,0.0017456895252954527,True
seasonal,Ridge,all,15,0.06404537707390576,0.0,0.8301055799816099,0.0,0.0,0.0,0.0,False
seasonal,Ridge,own top-k,5,0.0661890481322298,0.0,0.8185421284732648,0.0,-0.011563451508345146,0.00214367105832404,0.0,True
seasonal,Ridge,stratified,5,0.06459473638761608,0.0,0.8271784874770213,0.0,-0.0029270925045886687,0.0005493593137103209,0.0,False
seasonal,Ridge,Ridge weights,5,0.0661890481322298,0.0,0.8185421284732648,0.0,-0.011563451508345146,0.00214367105832404,0.0,True
trend,XGBoost,all,6,0.0070985144094825176,0.0004458586231365606,0.8772878717664498,0.015533693414600277,0.0,0.0,0.015533693414600277,False
trend,XGBoost,own top-k,4,0.007881767057743193,0.0006185336623390132,0.84838010175249,0.023546140593351285,-0.028907770013959833,0.000783252648260676,0.023546140593351285,False
trend,XGBoost,stratified,4,0.00910864475910418,0.0009690885592179979,0.7964653264661844,0.044407100961878526,-0.08082254530026545,0.002010130349621662,0.044407100961878526,False
trend,XGBoost,Ridge weights,4,0.0073351059279542176,0.0003954631272244193,0.8691071597366834,0.01397952066281802,-0.008180712029766446,0.0002365915184717,0.015533693414600277,False
trend,RandomForest,all,6,0.0058861937890192645,7.060197268990746e-05,0.9159429448690547,0.0020228162043763446,0.0,0.0,0.0020228162043763446,False
trend,RandomForest,own top-k,4,0.0060346170965286825,6.156308337654394e-05,0.911653933902721,0.001803776001622294,-0.004289010966333717,0.00014842330750941806,0.0020228162043763446,True
trend,RandomForest,stratified,4,0.006036534052783799,5.481924011280101e-05,0.9115997066822186,0.0016074114441259118,-0.004343238186836129,0.0001503402637645342,0.0020228162043763446,True
trend,RandomForest,Ridge weights,4,0.005947606335295129,6.673805546533271e-05,0.9141813474026599,0.0019292864547536506,-0.0017615974663948153,6.141254627586423e-05,0.0020228162043763446,False
trend,Ridge,all,6,0.0015443975171601462,0.0,0.9942142352467352,0.0,0.0,0.0,0.0,False
trend,Ridge,own top-k,4,0.0016817881931994085,0.0,0.9931390353705797,0.0,-0.0010751998761555637,0.00013739067603926237,0.0,False
trend,Ridge,stratified,4,0.0021201974552044157,0.0,0.9890957650700573,0.0,-0.005118470176677992,0.0005757999380442695,0.0,True
trend,Ridge,Ridge weights,4,0.0016817881931994085,0.0,0.9931390353705797,0.0,-0.0010751998761555637,0.00013739067603926237,0.0,False
