branch,pair,tau,tau_lo,tau_hi,dist,dist_lo,dist_hi,separable
original,XGBoost across configs,0.8599485749251505,0.7475531873295209,1.0,0.07556025785155077,0.01101835440092119,0.1605366761796993,
original,RandomForest across configs,0.8665442159472686,0.8275537368782042,1.0,0.1556175481619498,0.0009107803546271505,0.17795066475540464,
original,Ridge across configs,0.9446065495634786,0.8205712981291038,1.0,0.06278102211662757,0.012175614977819686,0.15938556783332472,
original,XGBoost vs RandomForest,0.8624638169749247,0.7371054214034416,0.9373408818776809,0.10948859610096026,0.05225487225795885,0.25768304427969907,False
original,XGBoost vs Ridge,0.5338337044548318,0.43475536100592777,0.628341282414125,0.5866223441106593,0.4871985350156978,0.6720605741346709,True
original,RandomForest vs Ridge,0.45600492902895806,0.4201743548879714,0.5251793695197051,0.662088374905291,0.5660890103995548,0.764501680939657,True
seasonal,XGBoost across configs,0.9038521801909346,0.8092897278818834,0.9855739920401889,0.07833838115903824,0.029122678421639497,0.17280783589345483,
seasonal,RandomForest across configs,0.9353541611834895,0.8323751636590282,1.0,0.2385954945891502,0.0015875434888245512,0.4709858020831005,
seasonal,Ridge across configs,0.8773679410974449,0.7017031888586058,1.0,0.09954465665288331,0.015158167112958624,0.25564626829066533,
seasonal,XGBoost vs RandomForest,0.8903605773222678,0.8072321550281537,0.9431848850321836,0.18678499085508304,0.04460562991005389,0.4100342229070377,False
seasonal,XGBoost vs Ridge,0.4747558898433617,0.39445926603099857,0.5930720634949839,0.5184341483084303,0.4746691807865348,0.6380923552035406,True
seasonal,RandomForest vs Ridge,0.5463384282927051,0.46613651435868675,0.6505482062229797,0.44848329793136393,0.3403238638628919,0.6958629164737159,False
