world,rep,model,method,tau,null_mass,LST_share,LST_true
linear,0,XGBoost,permutation,0.6653870170970941,0.21354492101789446,0.1679620198823034,0.0
linear,0,XGBoost,drop-column,0.6633129321684937,0.18636683448095687,0.0,0.0
linear,0,XGBoost,SHAP,0.6653870170970941,0.4044997921647752,0.19650568188873324,0.0
linear,0,RandomForest,permutation,0.6653870170970941,0.25909935467653644,0.19635608492145407,0.0
linear,0,RandomForest,drop-column,0.6633129321684937,0.13286869839948207,0.0,0.0
linear,0,RandomForest,SHAP,0.6653870170970941,0.4414700377383318,0.2279749885399749,0.0
linear,0,Ridge,permutation,0.8380869865321874,0.2021051218925281,0.06784625294080233,0.0
linear,0,Ridge,drop-column,0.6633129321684937,0.013559886232028074,0.0,0.0
linear,0,Ridge,SHAP,0.8380869865321874,0.26312871404426963,0.030099711382225815,0.0
linear,1,XGBoost,permutation,0.7296067986311736,0.15843454652102834,0.12322678342738104,0.0
linear,1,XGBoost,drop-column,0.6633129321684937,0.018033379503480322,0.0,0.0
linear,1,XGBoost,SHAP,0.7798289684109562,0.3000419579972167,0.09558226761979671,0.0
linear,1,RandomForest,permutation,0.6653870170970941,0.21908319752715832,0.18552355284259292,0.0
linear,1,RandomForest,drop-column,0.6633129321684937,0.03707553304716059,0.0,0.0
linear,1,RandomForest,SHAP,0.6653870170970941,0.3579104593537442,0.19485331144516468,0.0
linear,1,Ridge,permutation,0.8380869865321874,0.11455817183671113,0.048318397214738205,0.0
linear,1,Ridge,drop-column,0.6633129321684937,0.0,0.0,0.0
linear,1,Ridge,SHAP,0.8380869865321874,0.17571459599275063,0.04073928305248558,0.0
linear,2,XGBoost,permutation,0.8380869865321874,0.1781384061677333,0.1419672970965534,0.0
linear,2,XGBoost,drop-column,0.6633129321684937,0.11470466210720365,0.010786972330151547,0.0
linear,2,XGBoost,SHAP,0.8380869865321874,0.30914903271022365,0.13028360471783873,0.0
linear,2,RandomForest,permutation,0.6653870170970941,0.27170418902864335,0.23114241568515484,0.0
linear,2,RandomForest,drop-column,0.6120980857370636,0.03826472994310571,0.0,0.0
linear,2,RandomForest,SHAP,0.6653870170970941,0.36983373579169865,0.18261776925033915,0.0
linear,2,Ridge,permutation,0.8380869865321874,0.08226234432915555,0.015720160023996566,0.0
linear,2,Ridge,drop-column,0.6633129321684937,0.0,0.0,0.0
linear,2,Ridge,SHAP,0.8380869865321874,0.2458833243962659,0.028192236591395838,0.0
linear,3,XGBoost,permutation,0.6653870170970941,0.3086421850801416,0.2683389103235775,0.0
linear,3,XGBoost,drop-column,0.6633129321684937,0.060850878607167744,0.052471724656295016,0.0
linear,3,XGBoost,SHAP,0.7158139635574872,0.4188932762411851,0.22532689591979757,0.0
linear,3,RandomForest,permutation,0.6653870170970941,0.4079041519444154,0.3509982425605797,0.0
linear,3,RandomForest,drop-column,0.6633129321684937,0.09845734382533819,0.03995501047631566,0.0
linear,3,RandomForest,SHAP,0.6653870170970941,0.4412670158271873,0.2601876879962809,0.0
linear,3,Ridge,permutation,0.7332225539139712,0.1177794847222923,0.010626995804417392,0.0
linear,3,Ridge,drop-column,0.6633129321684937,0.0,0.0,0.0
linear,3,Ridge,SHAP,0.7332225539139712,0.23378015133151028,0.02554816302672903,0.0
linear,4,XGBoost,permutation,0.7296067986311736,0.12600906904079573,0.10133105195112066,0.0
linear,4,XGBoost,drop-column,0.6633129321684937,0.051276411883348666,0.0,0.0
linear,4,XGBoost,SHAP,0.7798289684109562,0.3315769118206737,0.148444586881721,0.0
linear,4,RandomForest,permutation,0.6653870170970941,0.21334022620209037,0.18833361122829384,0.0
linear,4,RandomForest,drop-column,0.6633129321684937,0.0015926922022831433,0.0,0.0
linear,4,RandomForest,SHAP,0.6653870170970941,0.39208806064986984,0.21952883480888896,0.0
linear,4,Ridge,permutation,0.8380869865321874,0.16428197445388495,0.030619047520254284,0.0
linear,4,Ridge,drop-column,0.6633129321684937,0.07567580274180621,0.012889686047271209,0.0
linear,4,Ridge,SHAP,0.8380869865321874,0.40284254703086086,0.0772064607969065,0.0
switch,0,XGBoost,permutation,0.7520443961310054,0.05000054453600902,0.4825295129268728,0.20730088873209845
switch,0,XGBoost,drop-column,0.5461583476100715,0.13240630579510887,0.06759517354474744,0.20730088873209845
switch,0,XGBoost,SHAP,0.7520443961310054,0.20754816535263343,0.36717291270000374,0.20730088873209845
switch,0,RandomForest,permutation,0.7520443961310054,0.05692042263397637,0.46844771753309666,0.20730088873209845
switch,0,RandomForest,drop-column,0.6060301719441323,0.20593796206972323,0.08153801470802914,0.20730088873209845
switch,0,RandomForest,SHAP,0.7520443961310054,0.21473974572143084,0.3756219058248743,0.20730088873209845
switch,0,Ridge,permutation,0.8893017618116281,0.12160970230625455,0.19010122684784753,0.20730088873209845
switch,0,Ridge,drop-column,0.46618329678941456,0.036518989089976986,0.0,0.20730088873209845
switch,0,Ridge,SHAP,0.7932216058351922,0.2767043127048656,0.13028550724618818,0.20730088873209845
switch,1,XGBoost,permutation,0.8508696994210536,0.03576382852122828,0.362760700172149,0.20730088873209845
switch,1,XGBoost,drop-column,0.4926097653885199,0.12344086277236663,0.01854586626249976,0.20730088873209845
switch,1,XGBoost,SHAP,0.8508696994210536,0.2086762500222601,0.23729247511196763,0.20730088873209845
switch,1,RandomForest,permutation,0.8508696994210536,0.015224413739916093,0.38776372038811147,0.20730088873209845
switch,1,RandomForest,drop-column,0.4926097653885199,0.0,0.0,0.20730088873209845
switch,1,RandomForest,SHAP,0.7520443961310054,0.16370740144696805,0.3194553203131452,0.20730088873209845
switch,1,Ridge,permutation,0.8343988155393789,0.07179464721295517,0.15111351015299873,0.20730088873209845
switch,1,Ridge,drop-column,0.6230224723912202,0.00017078487339732654,0.02551398700084866,0.20730088873209845
switch,1,Ridge,SHAP,0.7932216058351922,0.20698282325151543,0.1309772966296465,0.20730088873209845
switch,2,XGBoost,permutation,0.7904764585215798,0.025658201250458833,0.39034239513174246,0.20730088873209845
switch,2,XGBoost,drop-column,0.6060301719441323,0.15686629816248576,0.07805475253464769,0.20730088873209845
switch,2,XGBoost,SHAP,0.8893017618116281,0.18140549872587447,0.23499574029336506,0.20730088873209845
switch,2,RandomForest,permutation,0.7520443961310054,0.03827555225584738,0.4279701128398391,0.20730088873209845
switch,2,RandomForest,drop-column,0.6565745303660263,0.028865521599454304,0.010843976481115918,0.20730088873209845
switch,2,RandomForest,SHAP,0.8893017618116281,0.17832251123567933,0.2876515860273288,0.20730088873209845
switch,2,Ridge,permutation,0.8343988155393789,0.0946332573607182,0.08565476736167894,0.20730088873209845
switch,2,Ridge,drop-column,0.6230224723912202,0.0002836330522299569,0.01397655910403852,0.20730088873209845
switch,2,Ridge,SHAP,0.7932216058351922,0.22364997570498707,0.11985416565816936,0.20730088873209845
switch,3,XGBoost,permutation,0.7520443961310054,0.017719574787083234,0.5438616657343377,0.20730088873209845
switch,3,XGBoost,drop-column,0.5844600101112025,0.0967362391001989,0.026910172553561724,0.20730088873209845
switch,3,XGBoost,SHAP,0.7904764585215798,0.1814071653256076,0.32624684707090995,0.20730088873209845
switch,3,RandomForest,permutation,0.7520443961310054,0.03995761752210747,0.5118378448611044,0.20730088873209845
switch,3,RandomForest,drop-column,0.6696899767226319,0.2144188276504534,0.1234285020309879,0.20730088873209845
switch,3,RandomForest,SHAP,0.7904764585215798,0.17299622923657365,0.341479233190039,0.20730088873209845
switch,3,Ridge,permutation,0.7932216058351922,0.09630460408716607,0.05397067297312449,0.20730088873209845
switch,3,Ridge,drop-column,0.46618329678941456,0.0009179294195249735,0.0,0.20730088873209845
switch,3,Ridge,SHAP,0.7553779461751502,0.23616937992078482,0.06420460513921836,0.20730088873209845
switch,4,XGBoost,permutation,0.7520443961310054,0.02869553073036943,0.5475954923626846,0.20730088873209845
switch,4,XGBoost,drop-column,0.6696899767226319,0.11658420956476251,0.14911664126822077,0.20730088873209845
switch,4,XGBoost,SHAP,0.7520443961310054,0.17432329928696677,0.33392258516327394,0.20730088873209845
switch,4,RandomForest,permutation,0.7520443961310054,0.022521434612095687,0.5188790463785842,0.20730088873209845
switch,4,RandomForest,drop-column,0.6696899767226319,0.025128955006975706,0.06241989071380242,0.20730088873209845
switch,4,RandomForest,SHAP,0.7520443961310054,0.16891251518001793,0.3646663529997633,0.20730088873209845
switch,4,Ridge,permutation,0.8015826773582365,0.15757752670508035,0.10678617883294138,0.20730088873209845
switch,4,Ridge,drop-column,0.7932216058351922,0.10454536461509129,0.07725727519343926,0.20730088873209845
switch,4,Ridge,SHAP,0.8343988155393789,0.33986173498725836,0.15093569606541604,0.20730088873209845
