LST,LST_n,LST_sd,date
22.431614906832294,4,0.5559676249567056,2000-03-05
21.483416149068375,4,0.585576638878294,2000-03-13
24.47521739130434,4,0.14097872179871684,2000-03-21
24.92268292682928,2,0.06,2000-03-29
24.573105590062085,4,0.2812027738127773,2000-04-06
26.91683229813674,4,0.3669809259348502,2000-04-14
30.854472049689434,4,0.32449961479175904,2000-04-22
33.4916149068323,4,0.42497058721751557,2000-04-30
34.642173913043564,4,0.29236107812087436,2000-05-08
38.155465838509315,4,0.4751841748206689,2000-05-16
35.374223602484506,4,0.3171750305430741,2000-05-24
40.295714285714325,4,0.5185315805233082,2000-06-01
37.808881987577706,4,0.5833309523760933,2000-06-09
41.88279503105588,4,0.6256796304819264,2000-06-17
44.856211180124205,4,0.3766629793329841,2000-06-25
47.969875776397544,4,0.4231725416422951,2000-07-03
42.55062111801243,4,0.2596150997149434,2000-07-11
46.438695652173976,4,0.3003331483536242,2000-07-19
46.613975155279604,4,0.36204281514760106,2000-07-27
42.20763975155279,4,0.561426753904728,2000-08-04
51.47658385093172,4,0.37212229172679245,2000-08-12
49.827763975155335,4,0.2903015673398957,2000-08-20
44.516832298136706,4,0.3889408695418881,2000-08-28
41.5565838509317,4,1.4515164484083534,2000-09-05
42.30652173913052,4,0.5746955715855134,2000-09-13
38.4980745341615,4,0.3386369737639409,2000-09-21
31.646894409937943,4,0.38739514710434875,2000-09-29
29.97770186335407,4,0.17233687939614087,2000-10-07
29.626894409937904,4,0.23081377775167583,2000-10-15
29.547888198757732,4,0.7355949972641196,2000-10-23
28.64378881987585,4,0.3587129771837088,2000-10-31
26.34888198757767,4,0.15771810295587504,2000-11-08
21.492981366459617,4,0.1675559608011604,2000-11-16
22.369378881987586,4,0.42591078878093713,2000-11-24
16.154720496894413,4,0.7613146524269712,2000-12-02
17.52416149068324,4,0.4796873982084583,2000-12-10
17.84614906832303,4,0.22242976419535226,2000-12-18
17.131987577639734,4,0.34985711369071804,2000-12-26
11.946521739130446,4,0.1699264546796643,2001-01-01
15.127888198757773,4,0.1630950643030009,2001-01-09
14.046024844720534,4,0.3861346915261564,2001-01-17
15.199316770186385,4,0.09695359714832659,2001-01-25
15.635838509316784,4,0.1374772708486752,2001-02-02
14.005900621117974,4,0.07399324293474371,2001-02-10
17.2706211180124,4,0.20018741219167602,2001-02-18
15.470869565217413,4,1.094120651482276,2001-02-26
21.74416149068327,4,0.21307275752662516,2001-03-06
23.315217391304373,4,0.76909037180295,2001-03-14
27.400310559006243,4,0.2714313909627993,2001-03-22
23.040062111801262,4,0.7531932023060219,2001-03-30
21.75695652173914,4,0.10136567466356647,2001-04-07
24.27894409937892,4,0.1982422760159901,2001-04-15
28.392857142857224,4,0.48566964080535235,2001-04-23
27.770869565217424,4,0.1708800749063506,2001-05-01
30.23633540372674,4,0.09,2001-05-09
32.82055900621123,4,0.2878801834096957,2001-05-17
36.171739130434844,4,0.3426368339802363,2001-05-25
40.94701863354038,4,0.32218007387174025,2001-06-02
39.52763975155278,4,1.2028299963003917,2001-06-10
,0,,2001-06-26
44.70714285714291,4,0.2916761903207048,2001-07-04
45.21496894409944,4,0.1396424004376894,2001-07-12
42.279813664596304,4,0.241039415863879,2001-07-20
45.74267080745341,4,0.2535744466621193,2001-07-28
44.30465838509326,4,0.17378147196982766,2001-08-05
44.7893788819876,4,0.3336165463522455,2001-08-13
45.38863354037272,4,0.1705872210923198,2001-08-21
42.48763975155282,4,0.22242976419535226,2001-08-29
39.409627329192574,4,0.9587491851365507,2001-09-06
38.49683229813667,4,2.181513236265139,2001-09-14
37.10291925465839,4,0.20639767440550294,2001-09-22
35.25645962732921,4,0.18466185312619388,2001-09-30
34.78888198757767,4,0.17571283390805578,2001-10-08
34.96453416149069,4,0.09539392014169457,2001-10-16
30.76341614906829,4,0.14352700094407322,2001-10-24
27.327391304347827,4,0.34420197558991433,2001-11-01
22.052236024844717,4,0.40308187753854674,2001-11-09
18.349503105590088,4,0.55792024519639,2001-11-17
17.833105590062132,4,1.4552233505548213,2001-11-25
15.178198757763994,4,1.015418632880055,2001-12-03
16.012732919254688,4,0.35284557528754706,2001-12-11
9.41683229813674,4,0.9033271832508971,2001-12-19
18.336335403726764,4,1.2318583522467184,2001-12-27
12.612111801242293,4,0.23021728866442676,2002-01-01
14.570124223602477,4,0.21230873745562145,2002-01-09
14.097826086956559,4,0.22242976419535226,2002-01-17
19.497453416149142,4,0.07483314773547883,2002-01-25
18.044037267080796,4,0.1489966442575134,2002-02-02
22.43832298136647,4,0.35341194094144585,2002-02-10
,0,,2002-02-18
21.45322981366462,4,0.1584297951775486,2002-02-26
22.19807453416155,4,0.47770283649984746,2002-03-06
25.235714285714323,4,0.18513508581573618,2002-03-14
,0,,2002-03-22
21.1150931677019,4,0.6968500556073738,2002-03-30
25.936211180124246,4,0.3040970239906994,2002-04-07
28.53608695652173,4,1.253664628200062,2002-04-15
30.23832298136648,4,0.25495097567963926,2002-04-23
31.59993788819878,4,0.20639767440550294,2002-05-01
34.92341614906837,4,0.7813289960061639,2002-05-09
37.21037267080749,4,0.2803569153775238,2002-05-17
41.52788819875781,4,0.40558599581346494,2002-05-25
41.94453416149071,4,0.38961519477556317,2002-06-02
44.30565217391313,4,0.5900847396772771,2002-06-10
48.81993788819881,4,0.3776241517699841,2002-06-18
46.64291925465841,4,0.9849365461794989,2002-06-26
41.65149068322984,4,0.3993745109543172,2002-07-04
37.8142236024845,4,0.32630507198019465,2002-07-12
42.45633540372671,4,0.0792148975887743,2002-07-20
46.05037267080752,4,0.08986100377805714,2002-07-28
41.20229813664599,4,0.49295030175464954,2002-08-05
44.6460248447205,4,0.3335790760824186,2002-08-13
41.705776397515535,4,0.03,2002-08-21
35.59956521739133,4,0.13638181696985854,2002-08-29
39.91546583850936,4,0.05172040216394301,2002-09-06
36.840062111801274,4,0.09937303457175896,2002-09-14
29.884782608695673,4,0.6784357007115708,2002-09-22
33.94801242236031,4,0.130384048104053,2002-09-30
32.402298136645925,4,0.08246211251235322,2002-10-08
33.2775776397516,4,0.12727922061357855,2002-10-16
33.99037267080746,4,0.41785164831552357,2002-10-24
28.688757763975218,4,0.10523782589924593,2002-11-01
21.716459627329243,4,0.13219304066402285,2002-11-09
17.314596273291954,4,0.12439855304624729,2002-11-17
16.18937888198758,4,2.0120884672399475,2002-11-25
12.290621118012439,4,0.686804193347711,2002-12-03
16.29956521739132,4,0.17514279888136994,2002-12-11
15.767391304347825,4,0.4576843890717707,2002-12-19
14.869503105590127,4,0.5504543577809153,2002-12-27
13.495962732919281,4,0.22759613353482086,2003-01-01
,0,,2003-01-09
12.8926086956522,4,0.25743931323712,2003-01-17
11.308633540372739,4,0.40874808868054663,2003-01-25
9.945527950310577,4,1.7445558173930693,2003-02-02
11.887763975155337,4,0.8518802732778826,2003-02-10
15.575217391304363,4,0.6207052440571128,2003-02-18
17.32925465838514,4,0.6095079983068311,2003-02-26
19.442670807453453,4,0.22242976419535226,2003-03-06
14.582919254658407,4,0.13592277219068188,2003-03-14
22.00192546583861,4,0.6928744475011328,2003-03-22
17.669751552795105,4,1.2934450123604018,2003-03-30
19.855217391304336,4,0.045552167895721495,2003-04-07
21.218198757764014,4,0.2782085548648711,2003-04-15
27.011242236024827,4,0.31843366656181316,2003-04-23
28.422049689441053,4,0.1174734012447073,2003-05-01
30.609130434782628,4,1.284562182223967,2003-05-09
32.86677018633543,4,0.10677078252031312,2003-05-17
33.54428571428571,4,0.7371566997592846,2003-05-25
37.60155279503107,4,0.0653834841531101,2003-06-02
41.970248447204995,4,0.2455605831561735,2003-06-10
44.35062111801244,4,0.3993432107849087,2003-06-18
43.69906832298142,4,0.1366565036871645,2003-06-26
46.358447204969025,4,0.9161195336854248,2003-07-04
44.091118012422385,4,0.18867962264113206,2003-07-12
46.6750931677019,4,0.6050413209029611,2003-07-20
42.41124223602486,4,0.08986100377805714,2003-07-28
47.54068322981374,4,0.19665960439297137,2003-08-05
47.01273291925469,4,0.19512816301087857,2003-08-13
44.66850931677021,4,0.16695807857064002,2003-08-21
41.19559006211182,4,0.3272231654391235,2003-08-29
36.55298136645973,4,1.8634108511007443,2003-09-06
35.90614906832303,4,1.4108419472074112,2003-09-14
35.27459627329199,4,0.3989987468652001,2003-09-22
35.171366459627336,4,0.3902242944769072,2003-09-30
30.114968944099417,4,0.3623189202898463,2003-10-08
30.35857142857145,4,0.40208829876035934,2003-10-16
23.813850931676996,4,0.35114099732158877,2003-10-24
25.115590062111835,4,0.6201612693485461,2003-11-01
18.82925465838514,4,1.0513800454640558,2003-11-09
21.765652173913054,4,0.28948229652260254,2003-11-17
20.388881987577633,4,0.7870673414645026,2003-11-25
20.616583850931704,4,0.9907572861200669,2003-12-03
12.291739130434792,4,0.4234383071948026,2003-12-11
,0,,2003-12-19
10.804037267080787,4,0.19261360284258225,2003-12-27
10.165900621117999,4,0.08774964387392123,2004-01-01
18.34279503105597,4,0.2688401011754013,2004-01-09
14.436583850931754,4,1.400883649701145,2004-01-17
13.838695652173897,4,0.25937424698685874,2004-01-25
16.709875776397553,4,0.24779023386727733,2004-02-02
18.112236024844776,4,0.18567444627627144,2004-02-10
15.946024844720455,4,0.2971110903349116,2004-02-18
16.10751552795034,4,0.3201171660501823,2004-02-26
18.432484472049737,4,0.060621778264910706,2004-03-05
19.557080745341636,4,0.7720589355742216,2004-03-13
21.815590062111823,4,1.282692480682724,2004-03-21
19.580186335403823,4,0.2220360331117452,2004-03-29
24.117329192546606,4,0.7852865718958907,2004-04-06
22.329503105590106,4,0.23848480035423641,2004-04-14
24.14577639751559,4,0.20322401432901577,2004-04-22
22.326397515527958,4,0.9536639869471847,2004-04-30
29.42527950310557,4,0.560245481909493,2004-05-08
29.770124223602465,4,0.2215287791687572,2004-05-16
28.61496894409936,4,0.216794833886788,2004-05-24
33.177204968944125,4,0.2368543856465402,2004-06-01
37.09757763975159,4,0.04123105625617661,2004-06-09
37.03645962732918,4,0.223606797749979,2004-06-17
42.19459627329201,4,0.461383788185064,2004-06-25
43.08552795031062,4,0.1909842925478428,2004-07-03
38.701304347826124,4,0.16209565077447327,2004-07-11
42.349130434782694,4,1.0585839598255775,2004-07-19
42.761304347826126,4,0.6513063795173513,2004-07-27
42.092608695652245,4,0.3203123475609393,2004-08-04
42.916708074534256,4,0.1396424004376894,2004-08-12
39.87161490683229,4,0.23366642891095846,2004-08-20
39.435838509316795,4,0.1699264546796643,2004-08-28
38.758447204968945,4,0.26659894973536563,2004-09-05
42.72416149068334,4,0.08602325267042626,2004-09-13
32.13049689440993,4,1.1607756027760059,2004-09-21
35.27720496894415,4,0.12031209415515966,2004-09-29
36.68826086956528,4,0.20414455662593603,2004-10-07
33.3926086956522,4,0.0754983443527075,2004-10-15
32.77173913043481,4,0.4379497688091638,2004-10-23
22.03583850931676,4,0.05545268253204709,2004-10-31
15.97869565217394,4,0.26981475126464083,2004-11-08
17.39062111801246,4,0.21696773953747134,2004-11-16
19.59757763975159,4,0.1675559608011604,2004-11-24
17.41906832298139,4,0.10770329614269007,2004-12-02
15.810993788819871,4,0.6091592566808782,2004-12-10
7.355217391304393,4,0.7297944916207575,2004-12-18
5.689285714285745,3,0.3111269837220809,2004-12-26
13.046521739130412,4,0.0792148975887743,2005-01-01
13.966273291925518,4,0.11575836902790226,2005-01-09
12.756708074534174,4,0.13518505834595776,2005-01-17
6.706894409937888,4,1.5965587994182988,2005-01-25
11.30031055900622,4,0.14585952145814823,2005-02-02
10.690000000000055,4,1.4001696325802815,2005-02-10
15.548385093167724,4,0.06837397165588673,2005-02-18
15.484037267080794,4,0.8295179322956195,2005-02-26
15.951490683229792,4,0.08,2005-03-06
18.667142857142892,4,1.6025292509030842,2005-03-14
22.777701863354082,4,0.4121589499210226,2005-03-22
21.502670807453455,4,0.8875809822207775,2005-03-30
18.74105590062112,4,1.244939757578655,2005-04-07
22.204037267080764,4,0.41737273509418416,2005-04-15
24.978944099378907,4,0.8829496021857647,2005-04-23
30.051987577639807,4,0.15580436450882884,2005-05-01
28.587639751552786,4,0.25391927851189244,2005-05-09
35.59248447204976,4,0.2202271554554524,2005-05-17
37.66391304347832,4,0.2011839953873071,2005-05-25
36.825652173913056,4,0.33147398087934443,2005-06-02
36.65956521739133,4,0.42104037811117356,2005-06-10
40.295465838509415,4,0.27748873851023215,2005-06-18
43.60105590062119,4,0.1319090595827292,2005-06-26
41.34813664596271,4,0.25743931323712,2005-07-04
44.960310559006246,4,0.2222611077089287,2005-07-12
44.83621118012428,4,0.6759437846448475,2005-07-20
42.62242236024849,4,0.10344080432788602,2005-07-28
43.05534161490692,4,0.10037429949942367,2005-08-05
40.91819875776406,4,0.09313968005098579,2005-08-13
41.1736024844721,4,0.22994564575133836,2005-08-21
41.26242236024848,4,1.7106943034920061,2005-08-29
38.12503105590065,4,0.23108440016582688,2005-09-06
33.24366459627328,4,0.6341923998283171,2005-09-14
38.06850931677019,4,0.20994046775217015,2005-09-22
31.333478260869583,4,1.2278029157808674,2005-09-30
34.796708074534195,4,0.17909494688572317,2005-10-08
34.24031055900622,4,0.13738631664034087,2005-10-16
31.33198757763978,4,0.26570660511172844,2005-10-24
29.12217391304347,4,0.37639739637781766,2005-11-01
26.967391304347927,4,0.10428326807307105,2005-11-09
22.843291925465792,4,0.459782557302906,2005-11-17
16.578571428571422,4,0.1224744871391589,2005-11-25
18.427639751552817,4,0.3102821296820041,2005-12-03
12.039192546583877,4,0.3614899721984,2005-12-11
12.831739130434812,4,0.24632295873507204,2005-12-19
13.250248447205024,4,0.12569805089976535,2005-12-27
13.018198757764026,4,1.1766052864066183,2006-01-01
11.933478260869549,4,0.19261360284258225,2006-01-09
10.972484472049757,4,0.25179356624028343,2006-01-17
10.640434782608736,4,0.22383029285599393,2006-01-25
14.599813664596297,4,0.2046948949045872,2006-02-02
16.022173913043503,4,0.4907137658554119,2006-02-10
17.214720496894415,4,0.8057760234705424,2006-02-18
16.959192546583893,4,0.9374433316206373,2006-02-26
18.345527950310554,4,1.5447329866355546,2006-03-06
18.39919254658389,4,1.0259020421073348,2006-03-14
22.693478260869654,4,0.3163858403911275,2006-03-22
25.027018633540365,4,0.1991858428704209,2006-03-30
25.155962732919306,4,0.5970552738231194,2006-04-07
27.319440993788817,4,0.5874521257089806,2006-04-15
27.31745341614908,4,1.3603216531394329,2006-04-23
28.2396894409938,4,0.8306623862918074,2006-05-01
35.67708074534164,4,0.2083266665599966,2006-05-09
38.51347826086965,4,0.3671511950137164,2006-05-17
37.879937888198754,4,0.10618380290797651,2006-05-25
38.711863354037234,4,0.32015621187164245,2006-06-02
38.56378881987581,4,0.08602325267042626,2006-06-10
44.011863354037246,4,0.09526279441628825,2006-06-18
47.17086956521746,4,0.1675559608011604,2006-06-26
43.71285714285716,4,0.17741194999210172,2006-07-04
45.05124223602485,4,0.24186773244895649,2006-07-12
48.85161490683231,4,0.28809720581775866,2006-07-20
49.21211180124226,4,0.2779838124783528,2006-07-28
43.105279503105635,4,0.443846820423443,2006-08-05
41.87360248447209,4,0.12369316876852982,2006-08-13
41.18863354037268,4,0.17944358444926362,2006-08-21
44.573105590062085,4,0.2246664193866097,2006-08-29
42.75832298136646,4,0.10136567466356647,2006-09-06
35.48366459627334,4,0.24181604578687496,2006-09-14
39.0788198757765,4,0.21511624764298953,2006-09-22
42.98155279503112,4,0.19519221295943137,2006-09-30
35.64527950310554,4,0.13883443376914822,2006-10-08
30.26838509316775,4,0.053851648071345036,2006-10-16
34.806024844720525,4,0.10136567466356647,2006-10-24
29.675838509316804,4,0.07348469228349534,2006-11-01
24.726894409937927,4,0.4108527716834828,2006-11-09
22.97658385093166,4,0.20898564544006365,2006-11-17
22.575962732919322,4,1.169144986731757,2006-11-25
21.68093167701869,4,0.08760707733967615,2006-12-03
14.201925465838542,4,0.09420721840708388,2006-12-11
15.133726708074562,4,0.3421622422185125,2006-12-19
13.656832298136635,4,0.17549928774784246,2006-12-27
14.65360248447206,4,0.13738631664034087,2007-01-01
16.287763975155258,4,0.14560219778561037,2007-01-09
18.57236024844724,4,0.909065454189081,2007-01-17
15.334596273291993,4,0.17916472867168917,2007-01-25
14.790124223602561,4,0.14924811556599302,2007-02-02
18.824906832298154,4,0.6265780079128217,2007-02-10
15.97459627329198,4,0.5588157120196245,2007-02-18
20.63844720496894,4,0.8319855767980596,2007-02-26
19.812484472049732,4,0.5277073052365298,2007-03-06
17.73496894409942,4,0.16522711641858304,2007-03-14
17.616956521739155,4,0.7266876908273595,2007-03-22
19.12689440993796,4,0.3146426544510455,2007-03-30
21.90850931677022,4,0.18350749303502567,2007-04-07
23.188136645962743,4,0.4589117562233506,2007-04-15
24.603788819875774,4,0.3299621190379283,2007-04-23
22.092981366459583,4,0.12678722333105966,2007-05-01
32.834223602484485,4,0.3584689665786984,2007-05-09
34.51459627329194,4,0.24914855006601985,2007-05-17
38.101925465838576,4,0.23108440016582688,2007-05-25
32.04763975155282,4,0.7181225522151494,2007-06-02
39.26068322981371,4,0.1816590212458495,2007-06-10
43.54590062111805,4,0.09486832980505139,2007-06-18
42.75583850931679,4,0.09899494936611665,2007-06-26
41.95745341614912,4,0.15835087622113117,2007-07-04
45.87509316770189,4,0.45749316934791495,2007-07-12
47.89708074534167,4,0.42670247245592563,2007-07-20
46.36813664596281,4,0.22494443758403987,2007-07-28
44.588385093167744,4,0.17,2007-08-05
43.88391304347829,4,0.16332482971061077,2007-08-13
43.87906832298137,4,0.11045361017187261,2007-08-21
44.42950310559007,4,1.00568384694197,2007-08-29
37.19981366459626,4,0.04242640687119285,2007-09-06
38.55472049689445,4,0.27870235018743567,2007-09-14
34.97633540372675,4,0.540092584655631,2007-09-22
35.5895031055901,4,0.9279412696932926,2007-09-30
29.52552795031056,4,0.5987278179607158,2007-10-08
32.020931677018666,4,0.15708278072405008,2007-10-16
23.04080745341622,4,0.1224744871391589,2007-10-24
20.66254658385094,4,0.9863442603878223,2007-11-01
22.246894409937852,4,0.0804673846971554,2007-11-09
18.527888198757807,4,0.08124038404635961,2007-11-17
20.53832298136649,4,0.10770329614269007,2007-11-25
17.741428571428628,4,0.17464249196572978,2007-12-03
10.713726708074546,4,0.07399324293474371,2007-12-11
14.732857142857142,4,0.22863726730347353,2007-12-19
12.14875776397514,4,0.2725344014982329,2007-12-27
15.043664596273288,4,0.14317821063276354,2008-01-01
16.69459627329195,4,0.2790609252475165,2008-01-09
14.617204968944122,4,0.19748417658131498,2008-01-17
16.666149068322966,4,0.6472248450113763,2008-01-25
16.81720496894411,4,1.2582030837666867,2008-02-02
13.743416149068366,4,0.19461500456028563,2008-02-10
18.740310559006275,4,0.42997092924987385,2008-02-18
23.30478260869569,4,0.2739981751764051,2008-02-26
22.489875776397582,4,0.049749371855331,2008-03-05
19.341801242236045,4,0.4138538389335056,2008-03-13
23.32167701863358,4,0.5092150822589606,2008-03-21
21.08913043478259,4,0.37851684242580275,2008-03-29
27.5249068322982,4,0.6164414002968976,2008-04-06
28.413229813664657,4,0.534485734140772,2008-04-14
30.349751552795,4,0.6413267497929586,2008-04-22
30.9767080745342,4,0.7392394740542472,2008-04-30
33.0206832298137,4,0.2102379604162864,2008-05-08
35.36614906832301,4,0.3395217224272992,2008-05-16
36.11062111801249,4,0.4604345773288535,2008-05-24
38.54826086956524,4,1.8636791569366224,2008-06-01
39.145652173913106,4,0.6989992846920517,2008-06-09
48.01844720496899,4,0.39430318284284743,2008-06-17
45.97161490683237,4,0.0792148975887743,2008-06-25
46.574596273291945,4,0.5391428382163673,2008-07-03
41.20329192546586,4,0.2222611077089287,2008-07-11
47.44875776397521,4,0.24596747752497689,2008-07-19
49.49012422360249,4,0.2244994432064365,2008-07-27
50.8953416149069,4,0.20850659461993043,2008-08-04
46.21608695652185,4,0.19615045245933033,2008-08-12
46.26540372670803,4,0.1107925990308017,2008-08-20
45.22950310559003,4,0.44974993051694856,2008-08-28
45.77782608695651,4,0.12206555615733702,2008-09-05
40.34962732919257,4,0.09848857801796104,2008-09-13
31.866894409937913,4,0.5691001669302163,2008-09-21
34.951366459627366,4,0.5420332093147061,2008-09-29
34.588757763975195,4,0.42497058721751557,2008-10-07
31.312111801242224,4,0.37930858150060354,2008-10-15
28.362422360248445,4,0.4364344166080397,2008-10-23
23.750248447205024,4,0.24015619917045655,2008-10-31
25.94217391304352,4,0.4425776767980961,2008-11-08
17.095465838509426,4,0.8758281794964125,2008-11-16
19.03211180124225,4,0.15427248620541512,2008-11-24
13.435093167701893,4,0.27032387981826544,2008-12-02
16.75136645962732,4,0.6946941773183363,2008-12-10
10.99186335403732,4,0.13219304066402285,2008-12-18
15.019192546583895,4,0.17965244223221682,2008-12-26
13.588757763975195,4,0.12196310917650469,2009-01-01
12.014596273291943,4,0.19748417658131498,2009-01-09
13.202919254658411,4,0.05172040216394301,2009-01-17
11.906894409937934,4,0.18055470085267789,2009-01-25
13.775093167701868,4,0.05,2009-02-02
10.587763975155326,4,0.44729744018941137,2009-02-10
13.102049689441003,4,0.786956161421969,2009-02-18
16.591739130434803,4,1.020330828702142,2009-02-26
15.372981366459669,4,0.10136567466356647,2009-03-06
19.329006211180115,4,0.697065276713738,2009-03-14
20.555714285714316,4,0.24515301344262524,2009-03-22
19.890869565217372,4,0.022360679774997897,2009-03-30
21.389006211180117,4,0.18138357147217055,2009-04-07
22.550496894410003,4,0.5130302135352264,2009-04-15
22.86416149068316,4,0.1675559608011604,2009-04-23
24.454720496894424,4,0.31575306807693887,2009-05-01
29.389875776397503,4,0.23345235059857505,2009-05-09
33.8177018633541,4,0.0792148975887743,2009-05-17
35.295962732919236,4,0.09526279441628825,2009-05-25
37.903043478260884,4,0.1107925990308017,2009-06-02
43.5206832298137,4,0.3303028912982749,2009-06-10
39.025652173913045,4,0.2515452245621053,2009-06-18
42.80416149068327,4,0.30211752680041587,2009-06-26
43.17409937888203,4,0.6555150646628954,2009-07-04
42.63211180124222,4,0.2353720459187964,2009-07-12
46.56279503105594,4,0.09526279441628825,2009-07-20
46.81757763975162,4,0.13638181696985854,2009-07-28
46.07285714285712,4,0.25391927851189244,2009-08-05
44.74652173913046,4,0.05545268253204709,2009-08-13
45.889378881987625,4,0.008660254037844387,2009-08-21
42.71434782608702,4,0.06403124237432849,2009-08-29
39.134099378881956,4,1.1525948984790797,2009-09-06
37.87310559006215,4,1.903417978269618,2009-09-14
31.496335403726732,4,0.5632716928800878,2009-09-22
36.02577639751553,4,0.14628738838327793,2009-09-30
39.26577639751554,4,0.13152946437965907,2009-10-08
27.145900621118017,4,0.5068530358989675,2009-10-16
26.711863354037348,4,0.9666824711351707,2009-10-24
27.61360248447204,4,0.24839484696748443,2009-11-01
23.775217391304352,4,0.1063014581273465,2009-11-09
24.73484472049688,4,0.2056088519495209,2009-11-17
24.480683229813735,4,0.9640928378532847,2009-11-25
18.342919254658455,4,0.2142428528562855,2009-12-03
14.954099378882006,4,0.7393747358410349,2009-12-11
15.454968944099392,4,0.19261360284258225,2009-12-19
17.42130434782615,4,0.130384048104053,2009-12-27
20.06826086956528,4,0.7903638402659878,2010-01-01
13.772360248447228,4,0.5455960043841964,2010-01-09
14.154844720496953,4,0.5281098370604357,2010-01-17
13.27931677018637,4,0.12083045973594572,2010-01-25
14.415962732919297,4,0.3598263470064414,2010-02-02
9.050000000000011,2,0.0,2010-02-10
21.76614906832299,4,1.1363428179911201,2010-02-18
23.901055900621145,4,0.5759340239992772,2010-02-26
14.88714285714292,4,0.194164878389476,2010-03-06
20.48614906832296,4,0.28442925306655786,2010-03-14
23.16192546583852,4,0.43150898020782835,2010-03-22
25.7577018633541,4,1.0767892087126432,2010-03-30
30.39745341614912,4,0.4846648326421054,2010-04-07
22.69173913043477,4,0.3964845520319802,2010-04-15
32.67795031055903,4,0.555517776493246,2010-04-23
30.401925465838588,4,0.9339566371090255,2010-05-01
35.07198757763979,4,0.9081161819943526,2010-05-09
32.99049689441,4,0.5113462623311136,2010-05-17
41.03472049689441,4,0.4223742416388575,2010-05-25
41.00875776397521,4,0.4345975149491768,2010-06-02
39.98440993788819,4,0.3764306044943742,2010-06-10
38.14217391304345,4,0.23173260452512934,2010-06-18
45.92490683229812,4,0.33749074061372414,2010-06-26
47.835962732919256,4,0.293385412043612,2010-07-04
48.735714285714266,4,0.1991858428704209,2010-07-12
50.919440993788896,4,1.1271534944274448,2010-07-20
45.89658385093168,4,0.1259960316835415,2010-07-28
45.63409937888207,4,0.24428467000612217,2010-08-05
44.45832298136651,4,0.22242976419535226,2010-08-13
50.096583850931665,4,0.2732672684387942,2010-08-21
41.99149068322987,4,0.3073678577860737,2010-08-29
43.8953416149069,4,0.4618441295502196,2010-09-06
39.267018633540374,4,0.2861380785564899,2010-09-14
33.59683229813669,4,0.572254314094704,2010-09-22
36.60316770186341,4,0.5802370205355739,2010-09-30
33.22602484472054,4,0.2513961017995307,2010-10-08
27.97397515527956,4,0.04330127018922194,2010-10-16
27.89881987577644,4,0.5974110812497538,2010-10-24
16.885279503105608,4,1.1844302427749809,2010-11-01
20.026397515527947,4,0.9511440479759099,2010-11-09
19.17571428571432,4,0.1019803902718557,2010-11-17
19.996335403726732,4,3.2786887622950736,2010-11-25
21.29968944099386,4,0.37282703764614494,2010-12-03
14.123167701863338,4,1.092291169972549,2010-12-11
13.391614906832274,4,0.12031209415515966,2010-12-19
13.307142857142935,4,0.7020505679792589,2010-12-27
16.654844720496897,4,0.16874537030686207,2011-01-01
15.822173913043514,4,0.13811227316933133,2011-01-09
14.747763975155294,4,1.045215288828096,2011-01-17
15.737329192546667,4,0.1118033988749895,2011-01-25
14.203167701863379,4,0.09526279441628825,2011-02-02
15.012732919254688,4,0.5824087911424415,2011-02-10
14.85161490683231,4,0.1935846068260594,2011-02-18
14.177950310559027,4,0.6934515123640586,2011-02-26
16.480310559006284,4,1.1123398761170078,2011-03-06
16.41645962732929,4,2.475661527753744,2011-03-14
19.66217391304349,4,0.5792020372892347,2011-03-22
23.006770186335473,4,0.23339880033967614,2011-03-30
27.672608695652286,4,0.14491376746189438,2011-04-07
25.141055900621154,4,0.17741194999210172,2011-04-15
28.021925465838592,4,0.37389838191679836,2011-04-23
27.395838509316775,4,0.885607136375944,2011-05-01
32.49559006211183,4,0.1107925990308017,2011-05-09
34.405900621118064,4,0.40654028090707073,2011-05-17
30.71248447204971,4,0.5319774431308154,2011-05-25
32.583913043478276,4,0.1920286436967152,2011-06-02
39.902298136645925,4,0.315079355083763,2011-06-10
44.11322981366459,4,0.34014702703389904,2011-06-18
46.73944099378883,4,0.3395217224272992,2011-06-26
46.06776397515529,4,0.44034077712607994,2011-07-04
44.53621118012421,4,0.3459407463713981,2011-07-12
43.64788819875781,4,0.43894760507377184,2011-07-20
43.28006211180133,4,0.20168044030098706,2011-07-28
44.809378881987584,4,0.1606237840420901,2011-08-05
47.41496894409943,4,0.28442925306655786,2011-08-13
46.00217391304352,4,0.241039415863879,2011-08-21
44.123167701863395,4,0.31032241298365804,2011-08-29
40.301925465838565,4,0.1849324200890693,2011-09-06
41.161428571428644,4,0.274362898366379,2011-09-14
35.37310559006215,4,0.5268775948927796,2011-09-22
34.86987577639758,4,0.38340579025361626,2011-09-30
32.469627329192576,4,0.500999001995014,2011-10-08
28.385776397515485,4,0.09526279441628825,2011-10-16
27.362173913043478,4,0.07123903424387504,2011-10-24
21.157204968944143,4,0.2118372016431486,2011-11-01
22.119813664596336,4,0.1630950643030009,2011-11-09
21.282173913043493,4,0.16431676725154984,2011-11-17
17.63981366459626,4,0.23043437243605827,2011-11-25
16.326521739130442,4,0.5945376354781925,2011-12-03
16.735590062111896,4,0.20850659461993043,2011-12-11
11.350869565217408,4,0.12359207094308275,2011-12-19
12.904615384615397,3,0.05656854249492381,2011-12-27
12.307267080745362,4,0.07348469228349534,2012-01-01
13.786521739130421,4,0.20068632240389478,2012-01-09
14.590621118012507,4,0.13518505834595776,2012-01-17
13.672608695652173,4,0.5953990258641679,2012-01-25
8.16739130434786,4,0.36565010597564446,2012-02-02
7.305031055900656,4,0.930859817588019,2012-02-10
15.518571428571533,4,0.09695359714832659,2012-02-18
18.222919254658393,4,0.17804493814764857,2012-02-26
11.541428571428582,4,1.3241884307001024,2012-03-05
20.723291925465844,4,0.12835497652993436,2012-03-13
22.614099378881974,4,0.25553864678361277,2012-03-21
21.351490683229827,4,0.07874007874011811,2012-03-29
19.46354037267082,4,0.21230873745562145,2012-04-06
24.14329192546586,4,0.4373785545725808,2012-04-14
27.88776397515528,4,0.33852621759621515,2012-04-22
28.906024844720605,4,0.5352335938634645,2012-04-30
33.19857142857143,4,0.13219304066402285,2012-05-08
30.260434782608684,4,0.08944271909999159,2012-05-16
38.2321118012423,4,0.24372115213907883,2012-05-24
41.529503105590095,4,0.9155326318597279,2012-06-01
39.810496894409994,4,0.17965244223221682,2012-06-09
45.43260869565222,4,0.35832945734337834,2012-06-17
45.3635403726708,4,0.2267156809750927,2012-06-25
44.76714285714286,4,0.472652091923859,2012-07-03
47.15881987577637,4,1.8108768594247375,2012-07-11
46.180310559006216,4,0.27690250992000776,2012-07-19
45.835962732919256,4,0.5494315243958977,2012-07-27
45.40813664596271,4,0.14628738838327793,2012-08-04
45.381801242236065,4,0.18567444627627144,2012-08-12
47.097701863354075,4,0.1479019945774904,2012-08-20
46.171118012422426,4,0.2680951323690902,2012-08-28
37.746521739130515,4,0.1499166435056495,2012-09-05
37.5490062111802,4,0.8544588931013593,2012-09-13
39.840807453416176,4,0.0698212002188447,2012-09-21
36.89645962732925,4,0.09695359714832659,2012-09-29
37.70763975155279,4,0.4045985664828782,2012-10-07
29.15708074534166,4,0.130384048104053,2012-10-15
21.40366459627336,4,0.6506919393998976,2012-10-23
25.721180124223622,4,0.4049691346263318,2012-10-31
23.625776397515494,4,0.8518655997280322,2012-11-08
21.151987577639716,4,0.05545268253204709,2012-11-16
20.236211180124258,4,0.1676305461424021,2012-11-24
12.623416149068305,4,0.4315958757912313,2012-12-02
14.821304347826128,4,0.4159326868617085,2012-12-10
17.36614906832301,4,0.022360679774997897,2012-12-18
15.718447204968925,4,0.15124483462254174,2012-12-26
16.16080745341617,4,0.22863726730347353,2013-01-01
16.276086956521738,4,0.1407124727947029,2013-01-09
14.610496894410005,4,1.1085125168440815,2013-01-17
15.226273291925509,4,0.3229163978493505,2013-01-25
13.849751552795055,4,1.73818152101557,2013-02-02
4.746770186335368,4,0.41231056256176607,2013-02-10
14.88465838509319,4,0.2267156809750927,2013-02-18
14.777701863354082,4,0.23043437243605827,2013-02-26
21.072857142857174,4,0.09848857801796104,2013-03-06
17.324534161490647,4,0.7132145539737674,2013-03-14
22.220931677018655,4,0.053851648071345036,2013-03-22
23.50801242236031,4,0.31448370387032776,2013-03-30
27.01521739130436,4,0.3559143155311401,2013-04-07
28.50975155279508,4,1.2228245990329112,2013-04-15
25.56652173913045,4,0.08645808232895291,2013-04-23
29.900683229813694,4,0.9537819457297354,2013-05-01
33.69285714285718,4,0.45530209751328843,2013-05-09
33.379316770186335,4,0.290516780926679,2013-05-17
35.20366459627337,4,0.3326785235027954,2013-05-25
38.17111801242237,4,0.408013480169467,2013-06-02
44.70925465838508,4,0.646297145282261,2013-06-10
43.61111801242242,4,0.850690895684208,2013-06-18
42.308881987577706,4,0.5397221507405454,2013-06-26
45.5309937888199,4,0.21470910553583888,2013-07-04
46.107763975155365,4,0.5551576352712804,2013-07-12
45.41347826086957,4,0.26995369973386174,2013-07-20
46.487515527950336,4,0.24879710609249459,2013-07-28
48.12093167701863,4,0.12439855304624729,2013-08-05
44.246770186335425,4,0.1972308292331602,2013-08-13
43.78652173913048,4,0.9572225446571974,2013-08-21
33.44217391304346,4,0.0804673846971554,2013-08-29
32.31559006211182,4,0.18674849396983098,2013-09-06
36.478322981366546,4,0.5713799086422273,2013-09-14
40.616956521739155,4,0.2118372016431486,2013-09-22
38.11111801242231,4,0.23595550427993836,2013-09-30
33.281180124223624,4,0.2892663132824146,2013-10-08
34.95770186335403,4,0.25391927851189244,2013-10-16
35.08739130434782,4,0.08170067319184096,2013-10-24
25.46068322981364,4,0.12359207094308275,2013-11-01
21.436583850931754,4,0.19026297590440447,2013-11-09
18.02006211180128,4,0.800812087820857,2013-11-17
,0,,2013-11-25
18.03559006211185,4,0.8954747344286158,2013-12-03
17.508012422360252,4,0.116081867662439,2013-12-11
16.92565217391308,4,0.14654350889752846,2013-12-19
14.594968944099435,4,0.16454482671904333,2013-12-27
14.44180124223601,4,0.35507041555161983,2014-01-01
13.833850931677091,4,0.05477225575051661,2014-01-09
14.310745341614904,4,0.2694438717061496,2014-01-17
10.796583850931768,4,0.4127953488110059,2014-01-25
14.452484472049775,4,0.14097872179871684,2014-02-02
19.67819875776405,4,0.15937377450509227,2014-02-10
17.324782608695728,4,0.13518505834595776,2014-02-18
16.650993788819903,4,1.0700934538627924,2014-02-26
16.82267080745339,4,0.0670820393249937,2014-03-06
19.241925465838506,4,0.194164878389476,2014-03-14
17.329378881987566,4,0.4652687395473717,2014-03-22
19.257826086956527,4,0.5435071296680477,2014-03-30
23.700683229813706,4,0.061644140029689765,2014-04-07
26.175962732919345,4,1.6649324310613929,2014-04-15
27.066770186335418,4,0.10816653826391968,2014-04-23
28.189875776397514,4,0.03840572873934304,2014-05-01
32.760931677018675,4,0.10770329614269007,2014-05-09
32.58329192546586,4,0.13444329659748752,2014-05-17
26.852380952380997,3,2.634657894721234,2014-05-25
40.308881987577706,4,0.334776044543214,2014-06-02
42.285776397515576,4,0.548270006474912,2014-06-10
42.35086956521741,4,0.6220128616033594,2014-06-18
42.7534782608696,4,0.8521736912155877,2014-06-26
44.52925465838513,4,0.42906875905849867,2014-07-04
45.89919254658389,4,0.24057223447438816,2014-07-12
45.05944099378888,4,0.4475209492303126,2014-07-20
46.26242236024842,4,0.3087069808086626,2014-07-28
45.92118012422367,4,0.21418449990603897,2014-08-05
43.12093167701863,4,0.5636266494764065,2014-08-13
45.67608695652183,4,0.3,2014-08-21
44.819440993788874,4,0.7267736924242649,2014-08-29
44.93894409937894,4,0.31980462785894764,2014-09-06
42.62329192546588,4,1.8057339228136575,2014-09-14
39.56490683229822,4,0.2971110903349116,2014-09-22
35.53658385093172,4,0.6441079102138089,2014-09-30
33.58018633540371,4,0.09836157786453001,2014-10-08
36.174347826086944,4,0.0818535277187245,2014-10-16
30.265031055900636,4,0.24057223447438816,2014-10-24
30.359689440993805,4,0.0698212002188447,2014-11-01
23.883416149068353,4,0.8287792227125388,2014-11-09
26.759440993788814,4,0.33346664001066134,2014-11-17
25.870372670807456,4,0.219260119492807,2014-11-25
20.098695652173888,4,1.7155975635328935,2014-12-03
13.809627329192608,4,1.4251315728731857,2014-12-11
15.810869565217388,4,0.05830951894845301,2014-12-19
11.810000000000002,2,0.0,2014-12-27
14.038198757764007,4,0.12124355652982141,2015-01-01
17.138695652173965,4,0.19461500456028563,2015-01-09
12.317080745341627,4,0.5204805471869242,2015-01-17
8.461428571428542,4,0.5745215400661667,2015-01-25
10.358695652173935,4,0.3808871223866725,2015-02-02
12.322298136645998,4,0.30639027399707064,2015-02-10
11.879316770186392,4,0.03605551275463989,2015-02-18
19.490621118012427,4,0.39370039370059057,2015-02-26
15.990000000000009,4,0.6276941930590086,2015-03-06
19.491987577639748,4,0.38170669367984633,2015-03-14
19.072981366459658,4,0.14097872179871684,2015-03-22
18.85310559006217,4,0.4873140671066248,2015-03-30
23.938944099378887,4,0.12359207094308275,2015-04-07
25.149006211180165,4,1.0891625223078512,2015-04-15
26.467267080745387,4,0.049749371855331,2015-04-23
32.511242236024884,4,0.47423622805517507,2015-05-01
34.59310559006218,4,0.20639767440550294,2015-05-09
28.30167701863354,4,0.49979995998399196,2015-05-17
31.249503105590065,4,0.8728545125048045,2015-05-25
39.922795031055955,4,0.379835490706174,2015-06-02
40.37372670807463,4,0.588387627334226,2015-06-10
40.683416149068364,4,0.3419064199455752,2015-06-18
46.62055900621124,4,0.42485291572496003,2015-06-26
46.10242236024851,4,0.23081377775167583,2015-07-04
47.51322981366462,4,0.17741194999210172,2015-07-12
48.06826086956528,4,0.4482186966202994,2015-07-20
47.67136645962739,4,0.39150351211706896,2015-07-28
46.85881987577642,4,0.21788758569500924,2015-08-05
40.2722360248448,4,0.5700000000000001,2015-08-13
43.693229813664686,4,0.1909842925478428,2015-08-21
43.28055900621126,4,0.1174734012447073,2015-08-29
39.809378881987584,4,0.4050925820105819,2015-09-06
38.701677018633575,4,0.28930952282978867,2015-09-14
38.49732919254666,4,0.27147743920996453,2015-09-22
33.76677018633541,4,0.05545268253204709,2015-09-30
32.00403726708083,4,1.3596598839415688,2015-10-08
31.686149068323004,4,0.384285050450834,2015-10-16
25.406645962732966,4,0.16186414056238646,2015-10-24
27.422670807453414,4,0.295296461204668,2015-11-01
26.875590062111826,4,0.1824828759089466,2015-11-09
21.940683229813715,4,0.15165750888103102,2015-11-17
16.259813664596265,4,1.216305882580529,2015-11-25
17.880310559006205,4,0.12767145334803703,2015-12-03
17.54614906832296,4,0.39268307832143723,2015-12-11
17.295093167701907,4,0.03741657386773942,2015-12-19
16.10093167701865,4,0.08760707733967615,2015-12-27
18.5068944099379,4,0.13518505834595776,2016-01-01
15.377577639751621,4,0.6581793068761733,2016-01-09
14.398198757764021,4,2.1618510586994657,2016-01-17
15.176211180124255,4,0.061644140029689765,2016-01-25
16.928881987577654,4,1.1971111059546646,2016-02-02
15.807018633540338,4,0.09526279441628825,2016-02-10
16.56552795031058,4,0.21230873745562145,2016-02-18
14.239068322981325,4,0.3154362059117501,2016-02-26
16.317577639751562,4,0.4174625731727337,2016-03-05
19.353229813664598,4,1.0555567251455509,2016-03-13
19.778198757764017,4,0.15516120649182902,2016-03-21
26.269875776397498,4,0.20928449536456348,2016-03-29
21.01385093167704,4,0.11521718621802914,2016-04-06
25.276086956521738,4,0.15580436450882884,2016-04-14
26.476086956521726,4,0.5907622195096772,2016-04-22
27.04180124223609,4,3.823672972418013,2016-04-30
29.586024844720555,4,0.54,2016-05-08
33.83496894409939,4,0.30016662039607267,2016-05-16
38.54391304347831,4,0.46890830660162125,2016-05-24
36.871863354037316,4,1.370109484676316,2016-06-01
42.40167701863356,4,0.33981612675092393,2016-06-09
41.30093167701864,4,0.9003749219075351,2016-06-17
46.462670807453435,4,0.5142713291638957,2016-06-25
44.49857142857144,4,0.2601922366251538,2016-07-03
47.50453416149071,4,0.21650635094610965,2016-07-11
45.56440993788823,4,0.33181320046074114,2016-07-19
49.22639751552805,4,0.7921489758877429,2016-07-27
47.177577639751576,4,0.4850515436528369,2016-08-04
46.68167701863359,4,0.37426594822398684,2016-08-12
46.20329192546586,4,0.15960889699512368,2016-08-20
46.04714285714289,4,0.13518505834595776,2016-08-28
37.51273291925469,4,0.9478792117142352,2016-09-05
28.109875776397587,4,1.1038568747804218,2016-09-13
34.88527950310561,4,0.060621778264910706,2016-09-21
31.608385093167726,4,0.274362898366379,2016-09-29
30.73658385093171,4,0.34565155865408737,2016-10-07
35.80826086956529,4,0.26205915362757315,2016-10-15
26.347018633540358,4,0.18459414941974733,2016-10-23
29.83894409937892,4,0.09937303457175896,2016-10-31
19.52552795031056,4,0.16874537030686207,2016-11-08
19.716708074534154,4,0.7770939454145811,2016-11-16
19.817080745341627,4,0.18674849396983098,2016-11-24
19.344906832298136,4,0.5340411969127475,2016-12-02
18.287515527950347,4,0.21725560982400433,2016-12-10
14.116211180124196,4,0.5093132631298738,2016-12-18
14.986149068323016,4,0.3968311983702894,2016-12-26
13.109751552795103,4,0.21908902300206645,2017-01-01
10.73223602484478,4,0.3125699921617557,2017-01-09
11.758571428571486,4,0.21696773953747134,2017-01-17
12.553602484472037,4,0.22907422377910613,2017-01-25
13.907018633540474,4,0.4085339643163099,2017-02-02
14.315590062111823,4,0.13341664064126335,2017-02-10
15.991118012422419,4,0.39319206502675,2017-02-18
18.3375776397516,4,0.05916079783099616,2017-02-26
18.964534161490747,4,0.1319090595827292,2017-03-06
19.938819875776403,4,0.049749371855331,2017-03-14
23.19310559006209,4,0.3645545226711637,2017-03-22
20.067639751552747,4,0.5760859310901456,2017-03-30
26.67732919254661,4,0.3377499074759311,2017-04-07
25.65509316770192,4,0.8128191680810684,2017-04-15
31.29658385093171,4,0.30675723300355934,2017-04-23
30.371987577639743,4,0.1118033988749895,2017-05-01
35.13782608695652,4,0.2012461179749811,2017-05-09
34.80167701863354,4,0.182414363469547,2017-05-17
42.12677018633542,4,0.5267589581582832,2017-05-25
40.24565217391307,4,0.4796873982084583,2017-06-02
45.19211180124228,4,0.6224748990923249,2017-06-10
43.98080745341622,4,0.3889730067755345,2017-06-18
45.687888198757776,4,0.48690348119519544,2017-06-26
48.87198757763974,4,0.3317755265235819,2017-07-04
45.844906832298136,4,0.3957271787481876,2017-07-12
39.97074534161493,4,0.5928743543112656,2017-07-20
50.78453416149074,4,0.22951034835057002,2017-07-28
47.94018633540378,4,1.364331338055386,2017-08-05
44.894223602484544,4,0.12569805089976535,2017-08-13
47.373105590062096,4,0.17117242768623692,2017-08-21
46.49360248447209,4,0.6583881833690517,2017-08-29
43.372484472049734,4,0.15898113095584646,2017-09-06
42.75670807453423,4,0.5265690837867335,2017-09-14
38.42055900621125,4,0.32155870381627055,2017-09-22
34.78080745341617,4,0.6725139403759597,2017-09-30
35.64565217391305,4,0.09313968005098579,2017-10-08
36.75124223602489,4,0.1499166435056495,2017-10-16
29.43509316770195,4,0.38483762809787714,2017-10-24
30.329378881987566,4,0.9937806599043876,2017-11-01
23.20863354037266,4,1.5850157727921825,2017-11-09
18.556583850931702,4,0.40124805295477756,2017-11-17
19.328136645962786,4,0.348532638356869,2017-11-25
15.498695652173922,4,0.1664331697709324,2017-12-03
17.343416149068332,4,1.5464798737778644,2017-12-11
14.308633540372682,4,0.11863810517704673,2017-12-19
15.183540372670848,4,0.15321553446044564,2017-12-27
17.028633540372653,4,0.07810249675906654,2018-01-01
14.692111801242277,4,0.15256146302392357,2018-01-09
14.987763975155303,4,0.160312195418814,2018-01-17
16.08267080745344,4,0.13143439428094916,2018-01-25
15.67956521739137,4,0.6666895829394668,2018-02-02
14.260559006211224,4,0.23038012067016544,2018-02-10
11.731739130434846,4,0.41821047332652966,2018-02-18
18.72043478260872,4,0.16332482971061077,2018-02-26
19.334596273291993,4,0.2202271554554524,2018-03-06
17.779440993788796,4,0.130384048104053,2018-03-14
21.498571428571495,4,0.25666125535421197,2018-03-22
21.706149068323043,4,0.10136567466356647,2018-03-30
19.791614906832365,4,0.15771810295587504,2018-04-07
23.60465838509316,4,0.2780287754891569,2018-04-15
28.372111801242283,4,0.7122499561249548,2018-04-23
24.00204968944098,4,2.71,2018-05-01
34.26552795031063,4,0.3488552708502482,2018-05-09
30.886645962732928,4,0.23388031127053002,2018-05-17
37.49645962732927,4,0.3303028912982749,2018-05-25
36.65248447204971,4,0.19748417658131498,2018-06-02
38.56515527950313,4,0.27748873851023215,2018-06-10
40.49074534161491,4,0.3419064199455752,2018-06-18
40.28739130434781,4,0.24535688292770594,2018-06-26
40.390248447204954,4,0.1023474474522936,2018-07-04
46.361180124223665,4,0.18296174463531986,2018-07-12
45.52279503105592,4,0.22293496809607954,2018-07-20
49.30913043478267,4,0.2780287754891569,2018-07-28
45.044534161490674,4,1.2030793822520607,2018-08-05
42.0324844720497,4,0.7299828765114974,2018-08-13
43.64329192546586,4,0.282842712474619,2018-08-21
44.26142857142861,4,0.07123903424387504,2018-08-29
37.85173913043474,4,0.3640054944640259,2018-09-06
40.824906832298154,4,0.22715633383201095,2018-09-14
36.216211180124276,4,1.4936532395439042,2018-09-22
35.10155279503107,4,0.9984487968844472,2018-09-30
33.59608695652179,4,0.13738631664034087,2018-10-08
25.611490683229817,4,0.3409912022325503,2018-10-16
26.582173913043448,4,0.6429618962271404,2018-10-24
21.996832298136667,4,0.11947803145348522,2018-11-01
20.967018633540363,4,0.14378803844548407,2018-11-09
22.775341614906836,4,0.1224744871391589,2018-11-17
13.795714285714325,4,0.4743416490252569,2018-11-25
19.283167701863363,4,0.2616772821625905,2018-12-03
16.019192546583838,4,0.061644140029689765,2018-12-11
14.58130434782612,4,0.31571347769773783,2018-12-19
13.099316770186363,4,0.02449489742783178,2018-12-27
12.870000000000005,4,0.2414021540914662,2019-01-01
11.728136645962707,4,0.05722761571129799,2019-01-09
13.442422360248486,4,0.6926037828369117,2019-01-17
10.081552795031143,4,0.6675327707311455,2019-01-25
15.206894409937888,4,0.6189305292195563,2019-02-02
15.11397515527949,4,0.0653834841531101,2019-02-10
14.027142857142906,4,0.12529964086141668,2019-02-18
18.06167701863359,4,0.9878638570167451,2019-02-26
19.2989440993789,4,0.11863810517704673,2019-03-06
19.90875776397519,4,0.03741657386773942,2019-03-14
19.437577639751566,4,0.7864477096412705,2019-03-22
19.784285714285772,4,0.19209372712298545,2019-03-30
18.739937888198767,4,1.0503689827865252,2019-04-07
23.122049689440985,4,0.1414213562373095,2019-04-15
25.401925465838588,4,0.23065125189341593,2019-04-23
26.33571428571429,4,0.5835237784358064,2019-05-01
29.64080745341613,4,0.1345362404707371,2019-05-09
30.647639751552788,4,0.07810249675906654,2019-05-17
27.405776397515524,4,0.4522167621838005,2019-05-25
38.55645962732922,4,0.2329699551444349,2019-06-02
37.01484472049691,4,0.448998886412873,2019-06-10
41.04515527950315,4,0.8133111335768126,2019-06-18
44.79248447204969,4,0.37067505985701277,2019-06-26
42.82503105590064,4,0.34014702703389904,2019-07-04
43.38776397515534,4,0.19131126469708992,2019-07-12
46.2286335403727,4,0.15524174696260024,2019-07-20
42.40267080745343,4,0.16822603841260722,2019-07-28
44.57447204968952,4,0.07615773105863909,2019-08-05
44.01086956521738,4,0.10037429949942367,2019-08-13
38.86279503105595,4,0.1661324772583615,2019-08-21
29.64229813664599,4,2.0537465763818084,2019-08-29
34.479068322981334,4,1.306942997991879,2019-09-06
35.396956521739185,4,0.220454076850486,2019-09-14
35.62602484472052,4,0.35507041555161983,2019-09-22
35.614347826087,4,0.20149441679609886,2019-09-30
33.60291925465839,4,0.20316249653910046,2019-10-08
33.149627329192526,4,0.47799058568135006,2019-10-16
27.287763975155315,4,1.681487436765437,2019-10-24
23.013229813664623,4,0.05361902647381804,2019-11-01
17.317080745341627,4,0.22383029285599393,2019-11-09
15.318571428571431,4,0.8050465825031493,2019-11-17
20.99720496894406,4,0.6830812543175226,2019-11-25
18.1185714285715,4,0.09937303457175896,2019-12-03
14.498695652173922,4,0.4543126676640219,2019-12-11
15.346397515527997,4,0.2197157254271983,2019-12-19
13.532981366459694,4,0.7226859622270243,2019-12-27
12.746024844720523,4,0.3916631205513228,2020-01-01
12.414968944099371,4,0.0653834841531101,2020-01-09
15.412111801242304,4,0.33600595232822883,2020-01-17
16.712236024844685,4,0.3043024810940588,2020-01-25
17.40677018633545,4,0.22994564575133836,2020-02-02
18.92540372670811,4,0.3013303834663873,2020-02-10
20.58552795031062,4,0.23622023622035432,2020-02-18
16.834099378882,4,0.6057020719792859,2020-02-26
16.281180124223624,4,0.44204072210600687,2020-03-05
21.11658385093176,4,0.08774964387392123,2020-03-13
17.48838509316772,4,0.20706279240848655,2020-03-21
18.76155279503115,4,1.1888124326402378,2020-03-29
23.44291925465842,4,0.17741194999210172,2020-04-06
25.211987577639775,4,0.2083266665599966,2020-04-14
20.466397515527945,4,1.7560466964178372,2020-04-22
30.864409937888183,4,0.07810249675906654,2020-04-30
35.84478260869565,4,0.16874537030686207,2020-05-08
35.84031055900624,4,1.3144580632336658,2020-05-16
38.48900621118014,4,0.06403124237432849,2020-05-24
39.92913043478262,4,0.14696938456699069,2020-06-01
40.49795031055908,4,0.2545584412271571,2020-06-09
43.0103726708075,4,0.4262628297189423,2020-06-17
46.99422360248451,4,0.1849324200890693,2020-06-25
44.200683229813706,4,0.22377444000600247,2020-07-03
43.57658385093174,4,0.9389888178247918,2020-07-11
48.82391304347823,4,0.15297058540778355,2020-07-19
52.33298136645965,4,0.191049731745428,2020-07-27
46.164534161490735,4,0.1319090595827292,2020-08-04
46.3077639751553,4,0.24994999499899975,2020-08-12
46.07472049689443,4,0.48744230427815766,2020-08-20
46.236832298136676,4,0.364828726939094,2020-08-28
38.50652173913045,4,0.8767411248481505,2020-09-05
39.77434782608702,4,0.2650943228362313,2020-09-13
35.23583850931675,4,0.3766629793329841,2020-09-21
38.01335403726705,4,0.7386981792315451,2020-09-29
35.791490683229824,4,1.6333630949669458,2020-10-07
32.891118012422396,4,0.8493968448257857,2020-10-15
30.46080745341618,4,1.4703315952532612,2020-10-23
31.149006211180108,4,0.20615528128088303,2020-10-31
29.257826086956527,4,0.18674849396983098,2020-11-08
23.896211180124283,4,3.034382144687778,2020-11-16
16.333478260869583,4,0.4116734142496938,2020-11-24
14.749503105590122,4,0.09420721840708388,2020-12-02
14.555341614906922,4,0.7621515597307402,2020-12-10
16.92366459627334,4,0.24596747752497689,2020-12-18
12.879068322981425,4,0.21563858652847823,2020-12-26
13.968509316770223,4,0.3163463292026636,2021-01-01
12.848757763975186,4,0.219260119492807,2021-01-09
14.249130434782671,4,0.24166091947189144,2021-01-17
11.62503105590065,4,0.5062361109205862,2021-01-25
17.468260869565256,4,0.6645863375062716,2021-02-02
15.630993788819922,4,0.10723805294763608,2021-02-10
16.45770186335409,4,0.1608570794214541,2021-02-18
18.375590062111826,4,0.12806248474865697,2021-02-26
19.248757763975163,4,0.16401219466856728,2021-03-06
21.480693069306994,3,0.2168460795516581,2021-03-14
20.820807453416137,4,0.5431390245600108,2021-03-22
22.65360248447206,4,0.6195159400693416,2021-03-30
23.709006211180167,4,0.10816653826391968,2021-04-07
18.44192546583855,4,0.06403124237432849,2021-04-15
28.5806832298137,4,0.19615045245933033,2021-04-23
28.10440993788825,4,3.0691163223312343,2021-05-01
33.371366459627325,4,0.2197726097583591,2021-05-09
33.14490683229815,4,0.2137171027316251,2021-05-17
33.868881987577595,4,0.29098969053902923,2021-05-25
37.95161490683233,4,0.30145480589965723,2021-06-02
41.83397515527952,4,0.6110646446980875,2021-06-10
38.21795031055905,4,0.4504164739438379,2021-06-18
42.4235403726708,4,0.28653097563788804,2021-06-26
45.342795031055914,4,0.39607448794387146,2021-07-04
40.19236024844719,4,0.5408095783175443,2021-07-12
49.10565217391303,4,0.29304436524185207,2021-07-20
45.80664596273289,4,0.11258330249197701,2021-07-28
48.50850931677019,4,0.2054263858417414,2021-08-05
47.38130434782613,4,0.22583179581272428,2021-08-13
45.406645962732966,4,0.448413871328709,2021-08-21
39.1211801242236,4,0.4264680527307995,2021-08-29
42.383416149068296,4,1.1914277149705725,2021-09-06
41.774968944099385,4,0.36038174204584783,2021-09-14
37.902422360248465,4,0.099498743710662,2021-09-22
36.767391304347825,4,0.6010615609070339,2021-09-30
30.101801242236036,4,0.5755649398634354,2021-10-08
31.788881987577668,4,0.17571283390805578,2021-10-16
25.77645962732919,4,0.10099504938362078,2021-10-24
24.363788819875822,4,0.8647976641966605,2021-11-01
22.44055900621123,4,0.3232645975048923,2021-11-09
23.89583850931683,4,0.04330127018922194,2021-11-17
19.181180124223545,4,0.16635804759614126,2021-11-25
13.877577639751564,4,0.6674391358019096,2021-12-03
12.920062111801258,4,0.2551470164434615,2021-12-11
15.49434782608705,4,0.169336942218761,2021-12-19
20.215093167701866,4,0.8635392289873113,2021-12-27
17.433105590062155,4,0.3790448522272793,2022-01-01
6.626273291925543,4,0.32569157188972514,2022-01-09
12.128633540372675,4,0.1849324200890693,2022-01-17
14.2680124223603,4,0.15165750888103102,2022-01-25
15.5970807453416,4,0.4440720662234904,2022-02-02
15.811366459627322,4,0.45552167895721496,2022-02-10
19.58167701863357,4,1.3876599006961325,2022-02-18
14.764782608695725,4,0.8536246247619618,2022-02-26
17.328385093167697,4,0.17972200755611428,2022-03-06
18.841552795031077,4,0.17291616465790582,2022-03-14
16.536211180124212,4,0.37336309405188944,2022-03-22
16.435341614906918,4,0.48751923038994066,2022-03-30
22.38714285714292,4,0.21189620100417092,2022-04-07
26.253478260869542,4,0.1216552506059644,2022-04-15
23.766645962732923,4,0.792464510246358,2022-04-23
30.01161490683228,4,1.1069214064241417,2022-05-01
33.02888198757762,4,0.20512191496766016,2022-05-09
37.70503105590063,4,0.11445523142259598,2022-05-17
38.53509316770186,4,0.2389037463080058,2022-05-25
41.815093167701946,4,0.1023474474522936,2022-06-02
43.30080745341621,4,0.1928730152198591,2022-06-10
44.83161490683233,4,0.2449489742783178,2022-06-18
44.40590062111801,4,0.07874007874011811,2022-06-26
45.44329192546587,4,0.14866068747318506,2022-07-04
48.94118012422365,4,0.24672859582950654,2022-07-12
48.61335403726713,4,0.13738631664034087,2022-07-20
47.5015527950311,4,0.16635804759614126,2022-07-28
46.85496894409937,4,0.24632295873507204,2022-08-05
45.851863354037334,4,0.40183952020676117,2022-08-13
43.88527950310561,4,0.18439088914585774,2022-08-21
43.17372670807458,4,0.324037034920393,2022-08-29
41.27559006211186,4,0.07794228634059948,2022-09-06
41.722422360248515,4,0.4416729559300637,2022-09-14
34.48217391304348,4,0.7803204469959762,2022-09-22
37.35248447204975,4,0.6047106746205164,2022-09-30
32.74329192546588,4,0.27617928959282956,2022-10-08
,0,,2022-10-16
34.88950310559005,4,0.299833287011299,2022-10-24
27.788136645962766,4,0.2329699551444349,2022-11-01
24.69310559006209,4,0.30244834269673226,2022-11-09
21.685527950310586,4,0.9466255859631093,2022-11-17
3.2828571428572673,3,1.8697831127923876,2022-11-25
16.600186335403748,4,0.2329699551444349,2022-12-03
18.26975155279507,4,0.099498743710662,2022-12-11
18.9167080745342,4,0.2211334438749598,2022-12-19
16.530869565217415,4,0.23680160472429237,2022-12-27
16.887888198757764,4,0.19949937343260005,2023-01-01
15.23695652173916,4,0.7132145539737674,2023-01-09
11.603664596273347,4,0.17909494688572317,2023-01-17
12.819440993788817,4,0.3669809259348502,2023-01-25
16.8521118012423,4,0.2597595041572108,2023-02-02
15.646397515528008,4,0.11045361017187261,2023-02-10
19.62055900621118,4,0.4264680527307995,2023-02-18
15.947018633540381,4,0.5417333292312742,2023-02-26
25.260062111801233,4,0.9910600385445879,2023-03-06
24.983291925465835,4,1.0772186407596185,2023-03-14
30.24527950310562,4,0.2823118842698621,2023-03-22
27.761677018633634,4,1.7621010186706096,2023-03-30
28.68192546583856,4,0.6725139403759597,2023-04-07
30.848757763975186,4,0.9978351567268012,2023-04-15
37.33173913043481,4,0.4963869458396343,2023-04-23
39.21310559006213,4,0.4703987670051868,2023-05-01
29.92366459627334,4,0.40233692348577704,2023-05-09
27.852608695652236,4,0.4952776998815917,2023-05-17
33.1537267080746,4,0.22891046284519195,2023-05-25
29.340072992700755,2,1.29,2023-06-02
34.580062111801226,4,0.27910571473905726,2023-06-10
39.55534161490692,4,0.3698648401781386,2023-06-18
39.37372670807457,4,0.27586228448267447,2023-06-26
44.14689440993794,4,0.18728320800328044,2023-07-04
47.263664596273316,4,0.20322401432901577,2023-07-12
47.31372670807451,4,0.24041630560342614,2023-07-20
45.03198757763971,4,0.16332482971061077,2023-07-28
45.88192546583849,4,0.22494443758403987,2023-08-05
46.978074534161465,4,0.28460498941515416,2023-08-13
47.92602484472053,4,0.22332711434127295,2023-08-21
42.44503105590064,4,0.20512191496766016,2023-08-29
43.80751552795033,4,0.32449961479175904,2023-09-06
43.70838509316775,4,0.3891015291668744,2023-09-14
37.239813664596284,4,1.0174846436187626,2023-09-22
38.44366459627332,4,0.1366565036871645,2023-09-30
37.991987577639804,4,0.2760434748368452,2023-10-08
34.80204968944105,4,0.29878922336657326,2023-10-16
31.75695652173914,4,0.1299038105676658,2023-10-24
30.750248447205024,4,0.17741194999210172,2023-11-01
30.405776397515524,4,0.11258330249197701,2023-11-09
24.86913043478262,4,0.15960889699512368,2023-11-17
20.809378881987584,4,0.1268857754044952,2023-11-25
16.11956521739137,4,0.324037034920393,2023-12-03
12.732195121951293,2,0.31,2023-12-11
11.527515527950356,4,1.2027052839328511,2023-12-19
13.255465838509338,4,0.21470910553583888,2023-12-27
11.850496894410014,4,0.7075839172847275,2024-01-01
12.94776397515534,4,0.8402975663418287,2024-01-09
15.163416149068382,4,0.5625611077918559,2024-01-17
17.343540372670816,4,0.8136952746575342,2024-01-25
15.479565217391325,4,0.5988948154726338,2024-02-02
15.177577639751576,4,0.07348469228349534,2024-02-10
11.2844099378882,4,0.3904804732633887,2024-02-18
10.513726708074557,4,1.6340746616969495,2024-02-26
16.387639751552854,4,0.03840572873934304,2024-03-05
18.712732919254677,4,0.045552167895721495,2024-03-13
20.152732919254674,4,0.016583123951777,2024-03-21
21.481677018633604,4,1.2839781929612357,2024-03-29
27.672360248447205,4,1.6493862494879725,2024-04-06
17.212784810126607,2,0.41000000000000003,2024-04-14
25.382049689441033,4,1.4710795355792288,2024-04-22
30.030496894409907,4,0.07681145747868608,2024-04-30
,0,,2024-05-08
30.688881987577645,4,0.2056088519495209,2024-05-16
36.24701863354039,4,0.2246664193866097,2024-05-24
37.58478260869566,4,0.41737273509418416,2024-06-01
40.01559006211187,4,0.9782126558167197,2024-06-09
38.60130434782616,4,0.2664582518894846,2024-06-17
39.61993788819882,4,0.396232255123179,2024-06-25
39.74080745341615,4,0.828658554532565,2024-07-03
43.71322981366467,4,0.22242976419535226,2024-07-11
44.765652173913054,4,0.3769615364994153,2024-07-19
47.220310559006236,4,0.223606797749979,2024-07-27
46.62913043478261,4,0.1606237840420901,2024-08-04
42.96937888198761,4,0.4742098691507801,2024-08-12
39.471242236024864,4,0.12439855304624729,2024-08-20
41.17049689441001,4,0.1307669683062202,2024-08-28
41.47434782608701,4,0.1107925990308017,2024-09-05
32.431739130434835,4,0.2947456530637899,2024-09-13
34.74838509316771,4,0.1499166435056495,2024-09-21
34.77795031055899,4,0.9778547949465708,2024-09-29
32.838447204968986,4,0.6685057965343307,2024-10-07
31.10788819875779,4,0.10897247358851685,2024-10-15
23.138447204968998,4,0.2654712790491657,2024-10-23
28.468260869565256,4,0.07123903424387504,2024-10-31
20.475465838509365,4,0.396232255123179,2024-11-08
23.696459627329205,4,1.5874744092425552,2024-11-16
20.459689440993827,4,0.7384273830242214,2024-11-24
10.215316455696211,2,0.28,2024-12-02
12.6598136645963,4,0.3047950130825634,2024-12-10
9.774968944099385,4,0.24550967394381837,2024-12-18
11.072608695652207,4,0.11445523142259598,2024-12-26
