SPEI_1,SPEI_3,SPEI_6,SPEI_12,SPEI_24,SPEI_48,date
-1.73572838306427,-2.233922243118286,-1.4297683238983154,-1.8030118942260742,-1.2211730480194092,-1.1152805089950562,2000-03-01
-0.6946770548820496,-1.9319822788238525,-1.2856451272964478,-1.6968128681182861,-1.310031771659851,-1.37244713306427,2000-04-01
0.7089903354644775,-1.1560776233673096,-1.8438830375671387,-1.4755268096923828,-1.2159290313720703,-1.4246299266815186,2000-05-01
0.963023841381073,0.2383149415254593,-1.8833473920822144,-1.3129394054412842,-1.0770971775054932,-1.4735102653503418,2000-06-01
-0.8229207992553711,0.7741961479187012,-1.5117602348327637,-1.36681067943573,-1.035487174987793,-1.4885972738265991,2000-07-01
-1.3492991924285889,-0.12127232551574707,-1.0874842405319214,-1.4013758897781372,-1.1317291259765625,-1.5594522953033447,2000-08-01
-1.0655595064163208,-1.6474227905273438,-0.5490555167198181,-1.4799180030822754,-1.3098344802856445,-1.6216676235198975,2000-09-01
0.6410531401634216,-0.24830995500087738,0.25805267691612244,-0.9995580315589905,-1.1843059062957764,-1.5020616054534912,2000-10-01
-1.2320377826690674,-0.767467200756073,-0.7554680705070496,-1.838747501373291,-1.56121027469635,-1.4644759893417358,2000-11-01
-0.10937651991844177,-0.5002642869949341,-1.0120667219161987,-1.8750224113464355,-1.4617514610290527,-1.3708010911941528,2000-12-01
1.4844141006469727,0.4157460927963257,0.18728578090667725,-0.896914005279541,-1.493641972541809,-1.187634825706482,2001-01-01
-0.28127631545066833,0.6999269723892212,0.08188355714082718,-0.5541449785232544,-1.4367659091949463,-1.008959412574768,2001-02-01
-1.8000179529190063,0.08686526119709015,-0.30301633477211,-0.5363259315490723,-1.582992434501648,-1.0256383419036865,2001-03-01
-0.7333565950393677,-1.4498441219329834,-0.7547903060913086,-0.5670444369316101,-1.5403839349746704,-1.1068341732025146,2001-04-01
1.0201284885406494,-1.080244779586792,-0.019362015649676323,-0.5006821751594543,-1.3765840530395508,-0.9047721028327942,2001-05-01
-1.1489784717559814,-0.3055042624473572,-0.122270368039608,-0.7488759756088257,-1.4070677757263184,-0.9502205848693848,2001-06-01
-0.8315740823745728,0.09164395928382874,-1.3047776222229004,-0.7538585066795349,-1.4354534149169922,-0.9578545093536377,2001-07-01
-0.30483949184417725,-1.1849849224090576,-1.377350091934204,-0.688315749168396,-1.41959547996521,-0.9967478513717651,2001-08-01
0.8228782415390015,0.32102617621421814,-0.12801602482795715,-0.37910857796669006,-1.2771576642990112,-1.1868674755096436,2001-09-01
-1.8282670974731445,-1.0267624855041504,-0.830785870552063,-1.0233607292175293,-1.3155720233917236,-1.5114012956619263,2001-10-01
-0.2601234018802643,-0.976813793182373,-1.3208036422729492,-0.7722840309143066,-1.607686161994934,-1.704392433166504,2001-11-01
-0.7842500805854797,-1.660772681236267,-1.4450998306274414,-0.9836305379867554,-1.799043893814087,-1.9049923419952393,2001-12-01
-1.5776009559631348,-1.7137364149093628,-1.9491703510284424,-2.0009565353393555,-1.9324588775634766,-2.1441779136657715,2002-01-01
-0.7542122006416321,-1.6848293542861938,-1.9086655378341675,-2.009183406829834,-1.7904831171035767,-2.0324723720550537,2002-02-01
-0.7511374950408936,-1.6826483011245728,-2.1848433017730713,-1.903825044631958,-1.645099401473999,-1.904438853263855,2002-03-01
-0.31959232687950134,-1.0579813718795776,-1.9063385725021362,-1.8274307250976562,-1.6277103424072266,-1.9536131620407104,2002-04-01
-0.34903985261917114,-0.8058412671089172,-1.9203675985336304,-1.997282862663269,-1.7297927141189575,-1.9867051839828491,2002-05-01
-1.3357967138290405,-0.8298622369766235,-1.842023491859436,-2.0296895503997803,-1.8824326992034912,-2.025404930114746,2002-06-01
0.5727939605712891,-0.6961177587509155,-1.2283780574798584,-1.9773260354995728,-1.8362334966659546,-1.9800776243209839,2002-07-01
1.5934475660324097,0.2028663009405136,-0.6409256458282471,-1.8751436471939087,-1.7319365739822388,-1.9566235542297363,2002-08-01
0.0378507524728775,0.8537160754203796,-0.2653028070926666,-2.0109639167785645,-1.6260349750518799,-1.9762881994247437,2002-09-01
-0.5606796145439148,-0.03709452226758003,-0.4375590682029724,-1.8322889804840088,-1.7426059246063232,-1.9852643013000488,2002-10-01
1.6994813680648804,0.9787736535072327,0.9350965023040771,-1.0706305503845215,-1.1807283163070679,-1.8786132335662842,2002-11-01
0.5367453694343567,1.150230050086975,1.267380714416504,-0.5722689032554626,-1.0675019025802612,-1.7544314861297607,2002-12-01
2.2351503372192383,2.4482345581054688,2.1066489219665527,1.1924386024475098,-0.7545498013496399,-1.6109164953231812,2003-01-01
0.8795912265777588,2.0127501487731934,2.1893930435180664,1.6103849411010742,-0.49381640553474426,-1.3596199750900269,2003-02-01
-0.9509768486022949,1.7503979206085205,1.8891326189041138,1.5261093378067017,-0.31279700994491577,-1.3608657121658325,2003-03-01
1.679081916809082,0.9498251080513,2.3721964359283447,1.9765032529830933,0.20191088318824768,-1.0362248420715332,2003-04-01
-0.17962345480918884,0.48383432626724243,1.9190787076950073,1.9984875917434692,0.0388767309486866,-1.0038020610809326,2003-05-01
-1.9233680963516235,0.760136067867279,1.7538776397705078,1.9696030616760254,0.0007379353628493845,-1.051769495010376,2003-06-01
-1.351275086402893,-1.3132858276367188,0.3503154218196869,1.9047496318817139,-0.02698162943124771,-1.092869758605957,2003-07-01
-1.8109606504440308,-2.2406177520751953,-0.34981510043144226,1.7183572053909302,-0.08207857608795166,-1.1161448955535889,2003-08-01
1.4038513898849487,0.3738567531108856,0.7645754218101501,1.901979923248291,0.004221236798912287,-0.9514679908752441,2003-09-01
0.48831236362457275,0.7034429311752319,-0.08868835866451263,2.018099069595337,0.40922972559928894,-0.7293790578842163,2003-10-01
-0.6681194305419922,0.4019112288951874,-0.45351672172546387,1.4911302328109741,0.3217344284057617,-1.0477262735366821,2003-11-01
2.0586485862731934,1.5276856422424316,1.4785537719726562,2.054928779602051,1.2337470054626465,-0.603988528251648,2003-12-01
-0.049784816801548004,1.2407910823822021,1.3011474609375,1.1510460376739502,1.5886927843093872,-0.4287067651748657,2004-01-01
-1.5689905881881714,0.756252110004425,0.7874545454978943,0.37434279918670654,1.4612222909927368,-0.4439712464809418,2004-02-01
0.5906563997268677,-0.6836755871772766,0.6281104683876038,0.7946264743804932,1.6308857202529907,-0.14541737735271454,2004-03-01
0.8854151368141174,-0.2801949381828308,0.7819849252700806,0.5189202427864075,1.7784136533737183,0.06330205500125885,2004-04-01
0.6268113255500793,0.9836251139640808,1.1503143310546875,0.6564838886260986,1.897216558456421,0.061017926782369614,2004-05-01
0.7069010734558105,1.0355334281921387,-0.006187033839523792,0.9230214953422546,1.9713265895843506,0.05558168888092041,2004-06-01
-0.9341813921928406,0.5577064156532288,-0.017668969929218292,0.9542948007583618,1.936523675918579,0.05531547591090202,2004-07-01
-0.5510904788970947,-0.10868113487958908,0.8440670967102051,1.0308024883270264,1.8234901428222656,0.08311359584331512,2004-08-01
0.526751697063446,-0.0857665166258812,0.8357954025268555,0.8637551665306091,1.8844704627990723,0.1922188103199005,2004-09-01
-0.8894515633583069,-0.5781168341636658,-0.14557431638240814,0.5584286451339722,1.8590754270553589,-0.013331322930753231,2004-10-01
1.581814169883728,0.8643476963043213,0.7431097626686096,1.2587040662765503,1.7557940483093262,0.4452047646045685,2004-11-01
0.8133087754249573,1.1034784317016602,0.967298686504364,0.5523490905761719,1.8684618473052979,0.6401168704032898,2004-12-01
0.03782135248184204,1.3253898620605469,0.8636964559555054,0.5624616146087646,1.174620509147644,0.31931671500205994,2005-01-01
1.657762050628662,1.295772671699524,1.5131711959838867,1.576975703239441,1.4339067935943604,0.6833922266960144,2005-02-01
-0.6492850184440613,0.7670392394065857,1.2051228284835815,1.2896885871887207,1.4405168294906616,0.8030092120170593,2005-03-01
1.1634562015533447,1.3551311492919922,1.7272008657455444,1.3861215114593506,1.310452938079834,1.036544919013977,2005-04-01
-1.5230480432510376,-0.32293978333473206,0.9678955674171448,1.0713086128234863,1.178632378578186,0.8422803282737732,2005-05-01
-0.36722180247306824,0.011289714835584164,0.6160019040107727,0.9653570055961609,1.2622289657592773,0.8835718631744385,2005-06-01
-0.5837559103965759,-1.4789952039718628,0.6974744200706482,0.9908130764961243,1.2946150302886963,0.894438624382019,2005-07-01
1.3665850162506104,0.19080667197704315,-0.20491862297058105,1.1379170417785645,1.4262171983718872,0.9603293538093567,2005-08-01
-0.46421313285827637,0.04606841504573822,0.0038056422490626574,1.0092442035675049,1.2240420579910278,0.8620328903198242,2005-09-01
-1.3126575946807861,-0.8657001256942749,-1.6282906532287598,0.9399810433387756,0.9270085692405701,0.9163883924484253,2005-10-01
-0.2560333013534546,-1.1828376054763794,-1.0113130807876587,0.25657910108566284,0.9575880169868469,0.8964318633079529,2005-11-01
0.8359407186508179,-0.2773546874523163,-0.2676575481891632,0.24845664203166962,0.47074246406555176,1.1768461465835571,2005-12-01
1.6843485832214355,1.4642106294631958,0.886526882648468,1.0063655376434326,1.0686663389205933,1.7317817211151123,2006-01-01
-0.27237236499786377,1.3262687921524048,0.5064339637756348,0.21024151146411896,1.3284080028533936,1.7663605213165283,2006-02-01
-1.0817310810089111,0.6254593729972839,0.24924726784229279,0.14414732158184052,1.0077766180038452,1.7266420125961304,2006-03-01
-1.4742695093154907,-1.3993442058563232,0.26061543822288513,-0.5480345487594604,0.6337123513221741,1.6242341995239258,2006-04-01
0.08681736886501312,-1.3857239484786987,0.4459702670574188,-0.255636602640152,0.5697407126426697,1.663780689239502,2006-05-01
-0.8693496584892273,-1.2590820789337158,-0.09881440550088882,-0.30786991119384766,0.4530694782733917,1.6653673648834229,2006-06-01
-1.059149146080017,-0.5995972752571106,-1.5037306547164917,-0.34091195464134216,0.4454728364944458,1.6336466073989868,2006-07-01
-0.20564168691635132,-1.0770692825317383,-1.6233878135681152,-0.47716861963272095,0.4704839587211609,1.5721302032470703,2006-08-01
0.02742766961455345,-0.46524637937545776,-1.2972065210342407,-0.39913663268089294,0.3996891975402832,1.5874569416046143,2006-09-01
-0.5160951614379883,-0.4939776360988617,-0.7824246287345886,-0.1598074734210968,0.4516376256942749,1.5982416868209839,2006-10-01
-1.0098295211791992,-1.0074105262756348,-1.308524489402771,-0.3830086588859558,-0.17016495764255524,1.1838752031326294,2006-11-01
1.4142966270446777,0.3004079759120941,0.0969124287366867,-0.0723254606127739,0.03637285158038139,1.3723318576812744,2006-12-01
-1.9090336561203003,-0.670194685459137,-0.8426746129989624,-1.5051453113555908,-0.449373334646225,0.543462336063385,2007-01-01
-0.5116982460021973,-0.40197333693504333,-0.9857590794563293,-1.5080488920211792,-1.0185383558273315,0.28354334831237793,2007-02-01
2.01184344291687,-0.26241156458854675,-0.03987155854701996,-0.6207916736602783,-0.4181682765483856,0.731361448764801,2007-03-01
0.6000272631645203,1.1480073928833008,0.3369672894477844,-0.14674003422260284,-0.5196019411087036,0.5665245652198792,2007-04-01
-0.956862211227417,1.3324064016342163,0.5325042605400085,-0.3286229372024536,-0.4567905366420746,0.5125834345817566,2007-05-01
0.8755028247833252,0.25139203667640686,-0.1332288682460785,-0.11808125674724579,-0.33493682742118835,0.6689239740371704,2007-06-01
-1.1962305307388306,-0.529059112071991,0.818851113319397,-0.1287686824798584,-0.36501479148864746,0.6781008243560791,2007-07-01
-0.8220191597938538,-0.15913492441177368,1.140105128288269,-0.16029590368270874,-0.4797804653644562,0.7086262106895447,2007-08-01
0.2734956741333008,-0.513560950756073,-0.033359263092279434,-0.11366179585456848,-0.40991857647895813,0.5883011221885681,2007-09-01
0.47927454113960266,0.2503957748413086,-0.08740244060754776,0.20361033082008362,-0.0947241336107254,0.5829082131385803,2007-10-01
-0.6789857149124146,-0.11454612761735916,-0.18254119157791138,0.2661042809486389,-0.16395235061645508,0.5685728788375854,2007-11-01
0.44453901052474976,0.07079346477985382,-0.13213559985160828,-0.2326097935438156,-0.2878170311450958,0.14421446621418,2007-12-01
-1.666864275932312,-1.2071937322616577,-0.8983241319656372,-0.18156693875789642,-1.221242070198059,-0.15308630466461182,2008-01-01
-1.6905875205993652,-1.5090593099594116,-1.3921666145324707,-0.5442278385162354,-1.4378830194473267,-0.18008877336978912,2008-02-01
0.9199824929237366,-1.4657481908798218,-1.0843884944915771,-0.9595194458961487,-1.1141740083694458,-0.14010518789291382,2008-03-01
-1.6887905597686768,-1.2875183820724487,-1.724975347518921,-1.4558603763580322,-1.145700216293335,-0.43083876371383667,2008-04-01
0.30994269251823425,-0.219601571559906,-1.4539580345153809,-1.2607543468475342,-1.1342639923095703,-0.4612169563770294,2008-05-01
-0.3359789550304413,-1.1324708461761475,-1.785789966583252,-1.4025832414627075,-1.1018677949905396,-0.5112641453742981,2008-06-01
-0.4835667610168457,-0.05077970027923584,-1.203816533088684,-1.370550274848938,-1.0794438123703003,-0.4961601197719574,2008-07-01
-0.4481840133666992,-0.6477832198143005,-0.406550794839859,-1.3634719848632812,-1.0888713598251343,-0.49077340960502625,2008-08-01
1.022681713104248,0.5797802805900574,-0.6751233339309692,-1.2454886436462402,-0.9712925553321838,-0.4507693648338318,2008-09-01
-0.35486695170402527,0.09674541652202606,0.04209017753601074,-1.4849580526351929,-0.9327346086502075,-0.38505956530570984,2008-10-01
-0.7029343247413635,-0.30979663133621216,-0.5315269231796265,-1.4612830877304077,-0.853382408618927,-0.7494373917579651,2008-11-01
-0.7367947697639465,-1.1969581842422485,-0.9172766208648682,-1.768651008605957,-1.375756025314331,-1.0119723081588745,2008-12-01
2.1574718952178955,1.0629674196243286,0.9003859758377075,-0.13808612525463104,-0.26781970262527466,-0.5075598955154419,2009-01-01
0.15189330279827118,1.2435027360916138,0.8618160486221313,0.4111514091491699,-0.13831476867198944,-0.8129812479019165,2009-02-01
0.2312244474887848,1.7158259153366089,0.6920947432518005,0.25051650404930115,-0.5801339745521545,-0.6963545680046082,2009-03-01
1.9935933351516724,1.2549340724945068,1.5031617879867554,1.2310775518417358,-0.1972535252571106,-0.5232480764389038,2009-04-01
-0.31387755274772644,1.2940542697906494,1.6524291038513184,1.1418157815933228,-0.12542855739593506,-0.42087236046791077,2009-05-01
-1.8125200271606445,1.0627450942993164,1.8426783084869385,1.025370478630066,-0.32147812843322754,-0.47796016931533813,2009-06-01
-1.433718204498291,-1.390750527381897,0.6266366839408875,0.9767341017723083,-0.3358966112136841,-0.5039107799530029,2009-07-01
-0.020823562517762184,-1.6492793560028076,0.7001378536224365,1.0103081464767456,-0.28889089822769165,-0.5634555816650391,2009-08-01
1.667175531387329,1.147792100906372,1.3057833909988403,1.1660094261169434,-0.07366688549518585,-0.3605496883392334,2009-09-01
-0.1496933400630951,0.7372854351997375,-0.0976996198296547,1.2153054475784302,-0.2026718109846115,-0.2198912352323532,2009-10-01
-0.8654272556304932,0.10164973884820938,-0.5156726837158203,1.1848522424697876,-0.2251976579427719,-0.28713253140449524,2009-11-01
-0.864829421043396,-1.257080316543579,-0.7289856672286987,1.1212637424468994,-0.5503627061843872,-0.5821104049682617,2009-12-01
-0.25864821672439575,-1.2717063426971436,-0.6608193516731262,-0.15164493024349213,-0.24705588817596436,-1.0791599750518799,2010-01-01
-0.4917428195476532,-0.973559558391571,-0.8457130193710327,-0.3653414845466614,-0.004746571648865938,-1.0711736679077148,2010-02-01
0.290608286857605,-0.40345829725265503,-1.1288515329360962,-0.3057320713996887,-0.12648017704486847,-0.8932973742485046,2010-03-01
0.5485318303108215,-0.011727381497621536,-0.9490264058113098,-0.8691666126251221,0.269098162651062,-0.6770986914634705,2010-04-01
0.7619006633758545,0.6864773035049438,-0.41579899191856384,-0.6791724562644958,0.3277692496776581,-0.6250998973846436,2010-05-01
-0.04842168837785721,0.673812747001648,-0.009288366883993149,-0.5088652968406677,0.3619513213634491,-0.5743141174316406,2010-06-01
-1.1403752565383911,0.24737918376922607,0.07881196588277817,-0.49119138717651367,0.3304755687713623,-0.5757367014884949,2010-07-01
-0.6551971435546875,-0.7848570942878723,0.3760863244533539,-0.5287215709686279,0.33158615231513977,-0.5878982543945312,2010-08-01
0.1608937829732895,-0.537761926651001,0.33946120738983154,-0.8725404143333435,0.2029215395450592,-0.5851800441741943,2010-09-01
1.0845457315444946,0.7385311126708984,0.7269471287727356,-0.4563674032688141,0.49580511450767517,-0.35431650280952454,2010-10-01
1.3114010095596313,1.3819881677627563,1.090982437133789,0.2756173610687256,0.9116727113723755,0.014444631524384022,2010-11-01
-1.0096526145935059,0.6908661127090454,0.4467635750770569,0.20619764924049377,0.8714867234230042,-0.451824426651001,2010-12-01
-0.5530160069465637,-0.2761495113372803,0.16193021833896637,0.07058565318584442,-0.10144276916980743,-0.2567819356918335,2011-01-01
1.1890180110931396,-0.2702923119068146,0.6814539432525635,0.6495346426963806,0.17372173070907593,0.04607129842042923,2011-02-01
0.4567088484764099,0.5145549178123474,0.7691688537597656,0.7209337949752808,0.22596770524978638,-0.26646432280540466,2011-03-01
0.6078726053237915,1.15803062915802,0.6048253178596497,0.7376372814178467,-0.13038605451583862,-0.25333961844444275,2011-04-01
0.8140572905540466,0.82859206199646,0.27991580963134766,0.7471314072608948,0.007893767207860947,-0.09575480222702026,2011-05-01
0.004952036775648594,0.7490364909172058,0.7686763405799866,0.7593267560005188,0.1526544690132141,-0.1389879584312439,2011-06-01
-0.21377624571323395,0.5243372917175293,1.1793475151062012,0.8174483776092529,0.2058647722005844,-0.10556716471910477,2011-07-01
-1.9296728372573853,-0.8672370910644531,0.483558714389801,0.755599856376648,0.1320483684539795,-0.13623426854610443,2011-08-01
-0.8787988424301147,-1.4981895685195923,0.021652743220329285,0.6174378395080566,-0.2313753366470337,-0.23427197337150574,2011-09-01
1.7080605030059814,0.865034282207489,0.9563343524932861,0.9094296097755432,0.2335478514432907,0.01055747177451849,2011-10-01
0.09751573204994202,0.912941575050354,0.5786791443824768,0.47001099586486816,0.39569053053855896,0.11232529580593109,2011-11-01
-0.17211933434009552,0.8891995549201965,0.364625483751297,0.723842978477478,0.5670500993728638,0.018740719184279442,2011-12-01
-0.4344331920146942,-0.50198894739151,0.06566242128610611,0.7480365633964539,0.5452679395675659,0.22027064859867096,2012-01-01
1.0670446157455444,0.15411901473999023,0.625538170337677,0.6616011261940002,0.9209726452827454,0.6463779211044312,2012-02-01
-0.16920793056488037,0.2156611829996109,0.7010672092437744,0.5328020453453064,0.8188671469688416,0.47143253684043884,2012-03-01
0.2241136133670807,0.6188507080078125,0.050201985985040665,0.4292447865009308,0.7740015387535095,0.6962141394615173,2012-04-01
-1.3559389114379883,-0.5868176221847534,-0.22336216270923615,0.038832247257232666,0.518402636051178,0.5685152411460876,2012-05-01
-1.7371163368225098,-1.0966293811798096,-0.3921337425708771,-0.13827680051326752,0.4102979600429535,0.5138712525367737,2012-06-01
-1.1403752565383911,-2.031773090362549,-0.26709526777267456,-0.19871872663497925,0.4083033800125122,0.4980081021785736,2012-07-01
-0.03659607470035553,-1.5064752101898193,-1.0471258163452148,-0.06689303368330002,0.44622576236724854,0.5141260027885437,2012-08-01
0.3444044589996338,-0.1498154103755951,-1.0151166915893555,0.1316627413034439,0.4555685222148895,0.44028371572494507,2012-09-01
-0.12000022083520889,-0.0294971726834774,-1.2418882846832275,-0.5354059934616089,0.1818377822637558,0.46503812074661255,2012-10-01
-1.0187585353851318,-0.6590842604637146,-1.1616060733795166,-0.8497653603553772,-0.32749494910240173,0.4176770746707916,2012-11-01
-1.3619695901870728,-1.6202925443649292,-1.5542224645614624,-1.2201380729675293,-0.42319726943969727,0.3351225256919861,2012-12-01
-0.18522606790065765,-1.582318663597107,-1.3700151443481445,-1.1634172201156616,-0.3616402745246887,-0.3250329792499542,2013-01-01
0.8782803416252136,-0.48314327001571655,-0.8684031963348389,-1.1991403102874756,-0.47370395064353943,-0.19347350299358368,2013-02-01
-0.17341482639312744,0.22105491161346436,-0.9374574422836304,-1.2084177732467651,-0.5650601387023926,-0.25541815161705017,2013-03-01
-0.04307034611701965,0.3521261215209961,-0.9394901990890503,-1.279699444770813,-0.6607349514961243,-0.5779504776000977,2013-04-01
-0.9477585554122925,-0.5648340582847595,-0.7622761726379395,-1.2056604623794556,-0.8747856616973877,-0.6349179148674011,2013-05-01
-0.9862095713615417,-0.8479057550430298,-0.267570436000824,-1.1516329050064087,-0.9345788359642029,-0.5872325301170349,2013-06-01
-0.6646110415458679,-1.3064274787902832,-0.21535901725292206,-1.1298973560333252,-0.9519426822662354,-0.5611565709114075,2013-07-01
1.5820730924606323,-0.02411729283630848,-0.5013464093208313,-0.9901875853538513,-0.769889771938324,-0.48325827717781067,2013-08-01
0.35077351331710815,0.7585887312889099,-0.33620685338974,-0.9961946606636047,-0.6506218910217285,-0.639362633228302,2013-09-01
-0.24396729469299316,0.30900004506111145,-0.47410324215888977,-1.0278867483139038,-1.0729522705078125,-0.6448309421539307,2013-10-01
1.423318862915039,0.9253756403923035,0.8242143392562866,-0.1865864247083664,-0.7311333417892456,-0.268114298582077,2013-11-01
-0.235338032245636,0.5608632564544678,0.7277382016181946,0.2078474462032318,-0.7649255990982056,-0.14769718050956726,2013-12-01
-0.1480100303888321,0.5291322469711304,0.5554038882255554,0.1900358349084854,-0.7462393641471863,-0.1533707082271576,2014-01-01
-0.9241899251937866,-0.7795505523681641,-0.12477507442235947,-0.429353803396225,-1.1620947122573853,-0.22621163725852966,2014-02-01
1.8689994812011719,0.41476064920425415,0.6153157949447632,0.3157254755496979,-0.7119002938270569,0.047257114201784134,2014-03-01
-1.7047913074493408,-0.16884861886501312,0.2612953782081604,-0.08366236835718155,-0.9843378067016602,-0.19977247714996338,2014-04-01
-0.6034586429595947,0.28364676237106323,-0.5071032047271729,-0.02060736157000065,-0.9115575551986694,-0.3178822994232178,2014-05-01
-0.6824323534965515,-1.7111122608184814,-0.5166167616844177,0.012021662667393684,-0.8404092192649841,-0.33768320083618164,2014-06-01
-0.034332551062107086,-0.7620304822921753,-0.4666256606578827,0.050051990896463394,-0.7972779870033264,-0.3018834888935089,2014-07-01
-1.5116819143295288,-1.0801700353622437,-0.09765475988388062,-0.19845841825008392,-0.8532097339630127,-0.325335294008255,2014-08-01
-1.3618221282958984,-1.6706938743591309,-2.2116925716400146,-0.46022137999534607,-1.0132449865341187,-0.444907009601593,2014-09-01
-0.20952469110488892,-1.089547872543335,-1.397737741470337,-0.42152920365333557,-1.010998249053955,-0.6298007965087891,2014-10-01
-0.6898642778396606,-1.1117702722549438,-1.4009417295455933,-1.1741201877593994,-0.927019476890564,-0.9075462222099304,2014-11-01
0.9222113490104675,0.10277578234672546,-0.4745568037033081,-0.69818514585495,-0.411596417427063,-0.577726423740387,2014-12-01
0.3194161653518677,0.3832950294017792,-0.26229771971702576,-0.5611870884895325,-0.30726274847984314,-0.47212058305740356,2015-01-01
2.0266168117523193,1.708453893661499,0.9848251342773438,0.6678880453109741,0.13968464732170105,-0.21666944026947021,2015-02-01
0.8703545331954956,1.724797248840332,1.3693934679031372,0.3130640983581543,0.3594151735305786,-0.16452531516551971,2015-03-01
-2.2254743576049805,1.0914684534072876,0.973400354385376,0.17441825568675995,0.01913818158209324,-0.47822803258895874,2015-04-01
-1.281798005104065,-1.1595032215118408,0.9960178732872009,0.05104067921638489,-0.03050207905471325,-0.6601638793945312,2015-05-01
-0.847201943397522,-2.4660842418670654,0.5234474539756775,0.03665687143802643,-0.0059056030586361885,-0.6933741569519043,2015-06-01
-1.3436824083328247,-1.6889740228652954,0.34682697057724,-0.04804723709821701,-0.04065924510359764,-0.7266761064529419,2015-07-01
0.7453275918960571,-0.7594242691993713,-1.306228518486023,0.12194045633077621,-0.09732098132371902,-0.63945072889328,2015-08-01
0.44781213998794556,0.18845412135124207,-2.0257763862609863,0.4054275155067444,-0.09777475148439407,-0.5492464303970337,2015-09-01
0.18146738409996033,0.3960258960723877,-0.6213933229446411,0.5432009100914001,-0.02640882134437561,-0.8135002851486206,2015-10-01
-0.0637291818857193,0.1155819296836853,-0.17594943940639496,0.6833714246749878,-0.39794328808784485,-0.8121039271354675,2015-11-01
-1.897122859954834,-1.3895223140716553,-1.2358776330947876,-0.3935730457305908,-0.7888329029083252,-1.0835891962051392,2015-12-01
-0.911658763885498,-1.8964228630065918,-1.4227986335754395,-0.8576084971427917,-1.0025618076324463,-1.2419774532318115,2016-01-01
-1.0281305313110352,-2.0108118057250977,-1.6822426319122314,-1.8365886211395264,-1.0182145833969116,-1.4826232194900513,2016-02-01
0.21726833283901215,-1.076065182685852,-1.6464415788650513,-2.0643725395202637,-1.3270933628082275,-1.396771788597107,2016-03-01
-0.3124573528766632,-0.7521681785583496,-1.8467769622802734,-1.7213741540908813,-1.1552895307540894,-1.4577281475067139,2016-04-01
0.706184983253479,0.1797102391719818,-1.697381854057312,-1.42792546749115,-1.0291017293930054,-1.334849238395691,2016-05-01
-0.936011552810669,-0.1531410813331604,-1.0332579612731934,-1.4480143785476685,-1.0423567295074463,-1.3087252378463745,2016-06-01
-1.2668304443359375,-0.2055000364780426,-0.7689048051834106,-1.4500868320465088,-1.089106798171997,-1.3145887851715088,2016-07-01
-1.4574960470199585,-1.6203597784042358,-0.3931891620159149,-1.5935609340667725,-1.086835265159607,-1.3536136150360107,2016-08-01
0.632350504398346,-0.40204599499702454,-0.3362066447734833,-1.583904504776001,-0.8940383791923523,-1.3222044706344604,2016-09-01
-0.9868454337120056,-0.7514227628707886,-0.7727604508399963,-1.9026259183883667,-0.9973682165145874,-1.3856701850891113,2016-10-01
-0.1408739984035492,-0.5130899548530579,-1.07584547996521,-1.8633396625518799,-0.8773320913314819,-1.266427993774414,2016-11-01
0.7674493789672852,-0.1246810033917427,-0.27633988857269287,-0.9447041153907776,-0.941527783870697,-0.9548208713531494,2016-12-01
0.2827877998352051,0.47726261615753174,-0.006688580382615328,-0.567733645439148,-1.00663161277771,-0.950922966003418,2017-01-01
-0.1768016666173935,0.41079533100128174,-0.04392113536596298,-0.3164762854576111,-1.5528264045715332,-1.0851596593856812,2017-02-01
-1.8898582458496094,-0.893007218837738,-0.776814877986908,-0.8305940628051758,-1.8770946264266968,-1.2423077821731567,2017-03-01
-0.8613842129707336,-1.4860328435897827,-0.7359767556190491,-0.968220591545105,-1.7639033794403076,-1.3245760202407837,2017-04-01
-2.007446527481079,-2.2611663341522217,-1.1217705011367798,-1.4038974046707153,-1.8421627283096313,-1.4267643690109253,2017-05-01
-0.44075852632522583,-1.8571197986602783,-1.6437361240386963,-1.3743230104446411,-1.8484768867492676,-1.4132016897201538,2017-06-01
-1.1403752565383911,-2.0619285106658936,-2.069178819656372,-1.3733525276184082,-1.8354390859603882,-1.4283860921859741,2017-07-01
-1.9296728372573853,-1.4592419862747192,-2.5940399169921875,-1.4118704795837402,-1.9419424533843994,-1.5408861637115479,2017-08-01
-1.1825100183486938,-2.0271308422088623,-2.49798846244812,-1.668871521949768,-2.021503448486328,-1.610687494277954,2017-09-01
0.37051495909690857,-0.6353479027748108,-1.7921770811080933,-1.3933968544006348,-1.9410901069641113,-1.5225317478179932,2017-10-01
1.0385245084762573,0.48578205704689026,-0.05833583325147629,-0.9891857504844666,-1.7198385000228882,-1.5540127754211426,2017-11-01
-0.7447057962417603,0.20797882974147797,-0.49486982822418213,-1.4760279655456543,-1.5536131858825684,-1.652417778968811,2017-12-01
-1.5209901332855225,-0.9343275427818298,-1.1295249462127686,-1.96066153049469,-1.7454447746276855,-1.9527673721313477,2018-01-01
0.4026435315608978,-1.1261080503463745,-0.7385116815567017,-1.751961588859558,-1.4912148714065552,-1.7141814231872559,2018-02-01
0.485012412071228,-0.5552349090576172,-0.3145371973514557,-1.2916282415390015,-1.4270097017288208,-1.8263003826141357,2018-03-01
-1.087248682975769,-0.10116329044103622,-0.7638366222381592,-1.3483139276504517,-1.5344330072402954,-1.8045852184295654,2018-04-01
0.824941098690033,0.01020551286637783,-0.9811936616897583,-0.8690077066421509,-1.5323418378829956,-1.7445876598358154,2018-05-01
-0.9193161129951477,-0.597165048122406,-0.8053218126296997,-0.9211352467536926,-1.5450594425201416,-1.7721108198165894,2018-06-01
-1.463209629058838,-0.15967783331871033,-0.1682991087436676,-0.9479650855064392,-1.549089789390564,-1.810063362121582,2018-07-01
1.5744447708129883,-0.3020859956741333,-0.08025824278593063,-0.6822764277458191,-1.4230105876922607,-1.7226214408874512,2018-08-01
0.73367840051651,0.8246521949768066,-0.09542825818061829,-0.37452787160873413,-1.3981400728225708,-1.5799925327301025,2018-09-01
2.006575584411621,2.026456356048584,1.6908459663391113,0.400342732667923,-0.7542270421981812,-1.2200329303741455,2018-10-01
0.06544459611177444,1.51420259475708,1.3340251445770264,0.031096957623958588,-0.689822793006897,-1.109170913696289,2018-11-01
-1.5716437101364136,0.35095617175102234,0.5708727240562439,-0.2802113890647888,-1.212062954902649,-1.497819423675537,2018-12-01
0.7898196578025818,-0.5564917325973511,0.9433993697166443,0.5424940586090088,-1.1592117547988892,-1.5284090042114258,2019-01-01
-0.3815515339374542,-0.6794335246086121,0.4923655092716217,0.26111137866973877,-1.1851547956466675,-1.8604133129119873,2019-02-01
1.1891812086105347,0.7781948447227478,0.7462106943130493,0.5250992178916931,-0.6314584612846375,-1.7545462846755981,2019-03-01
-0.08461687713861465,0.2864796817302704,-0.225778728723526,0.7376373410224915,-0.4988980293273926,-1.6037431955337524,2019-04-01
0.7949299812316895,0.9361190795898438,0.017234118655323982,0.7318859100341797,-0.1456741988658905,-1.489127516746521,2019-05-01
-2.1599247455596924,-0.2863077223300934,0.4921257793903351,0.6267650723457336,-0.24891725182533264,-1.5486356019973755,2019-06-01
-1.5572896003723145,-0.7196619510650635,-0.043286439031362534,0.6237184405326843,-0.27277833223342896,-1.5583285093307495,2019-07-01
0.8570073246955872,-1.4946948289871216,0.38607001304626465,0.5540564060211182,-0.12700964510440826,-1.557298183441162,2019-08-01
0.6523855924606323,0.3475368022918701,-0.09932965785264969,0.5468237400054932,0.06231062114238739,-1.5258921384811401,2019-09-01
0.7365009784698486,0.9004136323928833,0.41678762435913086,-0.02146373875439167,0.13319234549999237,-1.437764048576355,2019-10-01
0.7655028700828552,0.9865455627441406,0.4652741253376007,0.1957865059375763,0.053590040653944016,-1.3034346103668213,2019-11-01
-0.28963738679885864,0.4993709325790405,0.5350731611251831,0.6188077330589294,0.1595025360584259,-1.0896576642990112,2019-12-01
-1.1502628326416016,-0.6198262572288513,-0.004317988641560078,-0.12565283477306366,0.25567343831062317,-1.2120641469955444,2020-01-01
-1.2672760486602783,-1.4606285095214844,-0.6722851991653442,-0.40434321761131287,-0.14263327419757843,-1.1978070735931396,2020-02-01
1.3042939901351929,-0.7551730871200562,-0.2609923183917999,-0.3183969259262085,0.0659971833229065,-1.0229140520095825,2020-03-01
0.8354339003562927,0.3229064643383026,-0.2456836998462677,-0.09315241873264313,0.41988882422447205,-0.8973808288574219,2020-04-01
-1.7190032005310059,0.6050847768783569,-0.9209212064743042,-0.5537900924682617,0.08793649822473526,-1.1009960174560547,2020-05-01
-0.8859845399856567,-0.567764401435852,-0.9576956033706665,-0.4350613057613373,0.10466582328081131,-1.098464846611023,2020-06-01
-1.0096088647842407,-1.9604510068893433,-0.5135877132415771,-0.3984636068344116,0.12470904737710953,-1.0919058322906494,2020-07-01
-0.8308551907539368,-1.2915830612182617,0.13165563344955444,-0.518654465675354,-0.011695614084601402,-1.0752350091934204,2020-08-01
1.3580703735351562,0.6955429911613464,-0.14502876996994019,-0.3510363698005676,0.07829613238573074,-1.0009424686431885,2020-09-01
-0.9370059370994568,-0.13353794813156128,-1.290220856666565,-0.8010177612304688,-0.6452032327651978,-0.9830429553985596,2020-10-01
0.7843334674835205,0.49519670009613037,0.011406355537474155,-0.7980120778083801,-0.47049078345298767,-0.8316925168037415,2020-11-01
0.42824339866638184,0.18260255455970764,0.37619656324386597,-0.5155735015869141,-0.0011573192896321416,-0.899373471736908,2020-12-01
-1.1935784816741943,-0.15115073323249817,-0.2283131182193756,-0.566097617149353,-0.5253909230232239,-1.2113258838653564,2021-01-01
-1.5105111598968506,-1.2082808017730713,-0.8021016120910645,-0.6344333291053772,-0.7618006467819214,-1.3338195085525513,2021-02-01
0.16914422810077667,-1.472305417060852,-1.0205641984939575,-0.9517977833747864,-0.9322013854980469,-1.0754457712173462,2021-03-01
0.12249600142240524,-0.8549062609672546,-0.7241140604019165,-1.146299958229065,-0.8963915705680847,-0.9822394847869873,2021-04-01
-0.7788385152816772,-0.20362724363803864,-1.1779237985610962,-0.9774055480957031,-1.0794649124145508,-0.8875969052314758,2021-05-01
-1.0646053552627563,-0.6609732508659363,-1.5964977741241455,-1.0014160871505737,-1.014140248298645,-0.9109762907028198,2021-06-01
-1.5069631338119507,-1.4496536254882812,-1.3239245414733887,-1.039315104484558,-1.0117943286895752,-0.9232351183891296,2021-07-01
-1.1336688995361328,-1.6752092838287354,-0.766854465007782,-1.0623012781143188,-1.0986977815628052,-0.9005813598632812,2021-08-01
-1.2994701862335205,-1.9986462593078613,-1.5005472898483276,-1.4928761720657349,-1.2702707052230835,-0.9095622897148132,2021-09-01
-0.27641475200653076,-1.0471941232681274,-1.7676284313201904,-1.374597430229187,-1.3998366594314575,-0.9747634530067444,2021-10-01
-0.7072949409484863,-1.1409813165664673,-1.6453971862792969,-1.744611382484436,-1.566932201385498,-1.1737513542175293,2021-11-01
-0.5627908110618591,-1.0506893396377563,-1.592197060585022,-1.9658814668655396,-1.6368610858917236,-1.1638405323028564,2021-12-01
-0.47919780015945435,-1.1553856134414673,-1.5084956884384155,-1.7728278636932373,-1.6154783964157104,-1.0933372974395752,2022-01-01
-1.2780799865722656,-1.2784444093704224,-1.6883572340011597,-1.6543480157852173,-1.5846632719039917,-1.2769256830215454,2022-02-01
-0.36604592204093933,-1.2071479558944702,-1.539899468421936,-1.8235403299331665,-1.7937157154083252,-1.328066110610962,2022-03-01
-1.1897227764129639,-1.4808825254440308,-1.8222934007644653,-2.0403175354003906,-2.0501909255981445,-1.3476396799087524,2022-04-01
-0.18601033091545105,-0.9601622819900513,-1.6595978736877441,-1.9534282684326172,-1.9322853088378906,-1.4393302202224731,2022-05-01
-2.005615711212158,-1.5225067138671875,-1.7417384386062622,-2.0366873741149902,-2.012610912322998,-1.4895703792572021,2022-06-01
-1.9019626379013062,-1.5284818410873413,-1.8868067264556885,-2.0664525032043457,-2.03523588180542,-1.5066437721252441,2022-07-01
-1.2054187059402466,-2.3100452423095703,-1.680748462677002,-2.1046764850616455,-2.0705113410949707,-1.5999268293380737,2022-08-01
-0.9021002650260925,-1.89576256275177,-2.157672643661499,-2.0947389602661133,-2.2077441215515137,-1.6776163578033447,2022-09-01
-1.571282148361206,-1.7840427160263062,-2.475119113922119,-2.467055559158325,-2.201401710510254,-2.045240640640259,2022-10-01
-0.10707611590623856,-1.3784313201904297,-2.095865249633789,-2.2431540489196777,-2.246814012527466,-2.0167500972747803,2022-11-01
-1.8706824779510498,-2.1293888092041016,-2.479557991027832,-2.4756228923797607,-2.55368709564209,-2.1085028648376465,2022-12-01
-1.050514578819275,-1.9725404977798462,-2.502061367034912,-2.541081666946411,-2.6783504486083984,-2.486562728881836,2023-01-01
-0.9570440053939819,-2.0307419300079346,-2.3107004165649414,-2.3650174140930176,-2.5179197788238525,-2.4050474166870117,2023-02-01
-1.9028723239898682,-1.95614755153656,-2.6079094409942627,-2.8015148639678955,-2.6900486946105957,-2.525792360305786,2023-03-01
-1.2015961408615112,-1.9549121856689453,-2.6371278762817383,-2.74943208694458,-2.88447904586792,-2.6468586921691895,2023-04-01
2.228531837463379,-0.6635081171989441,-2.149873971939087,-2.39231014251709,-2.659579038619995,-2.596592903137207,2023-05-01
1.463876485824585,1.0970851182937622,-1.142233967781067,-2.1336417198181152,-2.604635715484619,-2.52581787109375,2023-06-01
-1.6969331502914429,1.8679226636886597,-0.8755953907966614,-2.129220724105835,-2.5954644680023193,-2.5386464595794678,2023-07-01
-0.8839730024337769,0.23289808630943298,-0.4979971647262573,-2.152327537536621,-2.6353132724761963,-2.587427854537964,2023-08-01
-2.148232936859131,-2.612144708633423,-0.09023042023181915,-2.3137993812561035,-2.614301919937134,-2.6399357318878174,2023-09-01
-2.0688185691833496,-2.514665126800537,-0.6708123087882996,-2.551734685897827,-2.671020030975342,-2.7599563598632812,2023-10-01
0.8115527629852295,-1.3834547996520996,-1.1751141548156738,-2.2163045406341553,-2.4535882472991943,-2.702709197998047,2023-11-01
1.0033282041549683,0.16324679553508759,-0.7366467714309692,-1.2594292163848877,-2.2559616565704346,-2.6651148796081543,2023-12-01
-1.4610342979431152,0.15461908280849457,-1.2377394437789917,-1.396099328994751,-2.5071489810943604,-2.8944780826568604,2024-01-01
0.3933069705963135,-0.05420663580298424,-0.9128630757331848,-1.0015782117843628,-2.2309646606445312,-2.58736252784729,2024-02-01
-1.4983866214752197,-1.3822671175003052,-0.9631404280662537,-0.8834182024002075,-2.326589584350586,-2.6649692058563232,2024-03-01
-0.4294946789741516,-0.8155854940414429,-0.47253063321113586,-0.7355067133903503,-2.3250577449798584,-2.8061270713806152,2024-04-01
-1.1745003461837769,-1.5734715461730957,-1.0318535566329956,-1.3861191272735596,-2.3939194679260254,-2.83333420753479,2024-05-01
-1.3984025716781616,-1.3575291633605957,-1.8109984397888184,-1.6977287530899048,-2.4253439903259277,-2.917098045349121,2024-06-01
-1.5572896003723145,-1.8865867853164673,-1.4528580904006958,-1.6962196826934814,-2.4017598628997803,-2.94014835357666,2024-07-01
-0.6030054688453674,-1.6924452781677246,-2.0054502487182617,-1.7049293518066406,-2.4240429401397705,-2.951890707015991,2024-08-01
0.25388818979263306,-0.6014026403427124,-1.4411064386367798,-1.4281796216964722,-2.300187349319458,-2.924956798553467,2024-09-01
-0.5049736499786377,-0.4543698728084564,-1.5255396366119385,-1.0808721780776978,-2.1266133785247803,-2.824770450592041,2024-10-01
-1.3156582117080688,-1.088889479637146,-1.607121467590332,-1.6303259134292603,-2.184349536895752,-2.907353639602661,2024-11-01
-0.45240798592567444,-1.3591105937957764,-1.4494998455047607,-2.0288476943969727,-2.0109901428222656,-3.101470708847046,2024-12-01
