date,NDVI,NDVI_sd,LST,LST_sd,SPEI_1,SPEI_3,SPEI_6,SPEI_12
2000-03-01,0.6428775323686213,0.04705542480231892,23.328232843508573,0.3356307464084291,-1.73572838306427,-2.233922243118286,-1.4297683238983154,-1.8030118942260742
2000-04-01,0.5430157844630615,0.04372963103404136,28.95900621118014,0.3494134754392255,-0.6946770548820496,-1.9319822788238525,-1.2856451272964478,-1.6968128681182861
2000-05-01,0.33767753236862147,0.03536709639065732,36.057287784679126,0.36157342782820584,0.7089903354644775,-1.1560776233673096,-1.8438830375671387,-1.4755268096923828
2000-06-01,0.34181247143945154,0.034339618748331184,41.21090062111803,0.526051285678578,0.963023841381073,0.2383149415254593,-1.8833473920822144,-1.3129394054412842
2000-07-01,0.2746962109672505,0.02177031907918001,45.89329192546589,0.3362909012146159,-0.8229207992553711,0.7741961479187012,-1.5117602348327637,-1.36681067943573
2000-08-01,0.26307241051028174,0.026438012956899286,47.00720496894414,0.40319787062832607,-1.3492991924285889,-0.12127232551574707,-1.0874842405319214,-1.4013758897781372
2000-09-01,0.2739408415841583,0.03165009140338416,38.502018633540416,0.6880610352155391,-1.0655595064163208,-1.6474227905273438,-0.5490555167198181,-1.4799180030822754
2000-10-01,0.3728683582345047,0.041604233998553675,29.44906832298139,0.37436465789891127,0.6410531401634216,-0.24830995500087738,0.25805267691612244,-0.9995580315589905
2000-11-01,0.3603509714285715,0.04221577472701965,23.40374741200829,0.25039495084599084,-1.2320377826690674,-0.767467200756073,-0.7554680705070496,-1.838747501373291
2000-12-01,0.39805078184591924,0.049791762487750246,17.164254658385104,0.4533222321303749,-0.10937651991844177,-0.5002642869949341,-1.0120667219161987,-1.8750224113464355
2001-01-01,0.5589139238095239,0.04598183542612691,14.079937888198785,0.20402745191428706,1.4844141006469727,0.4157460927963257,0.18728578090667725,-0.896914005279541
2001-02-01,0.6629641850723533,0.06433123059930013,15.595807453416143,0.3764446443643428,-0.28127631545066833,0.6999269723892212,0.08188355714082718,-0.5541449785232544
2001-03-01,0.7375419459253615,0.056448580710638144,23.874937888198787,0.5016969306495991,-1.8000179529190063,0.08686526119709015,-0.30301633477211,-0.5363259315490723
2001-04-01,0.7184850533130236,0.03141529542096231,24.809585921325095,0.2617591971616363,-0.7333565950393677,-1.4498441219329834,-0.7547903060913086,-0.5670444369316101
2001-05-01,0.41148332063975623,0.03471323129951119,31.74987577639756,0.22284927307407065,1.0201284885406494,-1.080244779586792,-0.019362015649676323,-0.5006821751594543
2001-06-01,0.27257033511043405,0.026501585937343725,40.23732919254658,0.7625050350860659,-1.1489784717559814,-0.3055042624473572,-0.122270368039608,-0.7488759756088257
2001-07-01,0.24609030845392227,0.02593075448173509,44.486149068323016,0.23148311332109814,-0.8315740823745728,0.09164395928382874,-1.3047776222229004,-0.7538585066795349
2001-08-01,0.2624079588728103,0.028207336112875438,44.2425776397516,0.2251037509024363,-0.30483949184417725,-1.1849849224090576,-1.377350091934204,-0.688315749168396
2001-09-01,0.269929702970297,0.0308065592847895,37.56645962732921,0.8828304872333466,0.8228782415390015,0.32102617621421814,-0.12801602482795715,-0.37910857796669006
2001-10-01,0.3033285224676313,0.04491564384185528,33.50561076604555,0.13821125166460788,-1.8282670974731445,-1.0267624855041504,-0.830785870552063,-1.0233607292175293
2001-11-01,0.3060879238095239,0.048958160518272856,21.39055900621119,0.6901068622199181,-0.2601234018802643,-0.976813793182373,-1.3208036422729492,-0.7722840309143066
2001-12-01,0.3810608695652174,0.04895480212132934,14.736024844720546,0.8758624359163043,-0.7842500805854797,-1.660772681236267,-1.4450998306274414,-0.9836305379867554
2002-01-01,0.5083902476190476,0.054453691711435485,15.194378881987618,0.18494723451271983,-1.5776009559631348,-1.7137364149093628,-1.9491703510284424,-2.0009565353393555
2002-02-01,0.5730213632901751,0.04296476609263923,20.64519668737063,0.22027946012550262,-0.7542122006416321,-1.6848293542861938,-1.9086655378341675,-2.009183406829834
2002-03-01,0.5281389756283319,0.11825858896818883,22.84962732919259,0.45322932597431914,-0.7511374950408936,-1.6826483011245728,-2.1848433017730713,-1.903825044631958
2002-04-01,0.525515860624524,0.029979057336751554,28.23687370600415,0.6042375426234669,-0.31959232687950134,-1.0579813718795776,-1.9063385725021362,-1.8274307250976562
2002-05-01,0.32615331302361,0.0219379938838041,36.31540372670811,0.4184173954006639,-0.34903985261917114,-0.8058412671089172,-1.9203675985336304,-1.997282862663269
2002-06-01,0.23831856435643559,0.018006270078914748,45.428260869565264,0.5855651581005809,-1.3357967138290405,-0.8298622369766235,-1.842023491859436,-2.0296895503997803
2002-07-01,0.23123870906321398,0.02425485795652533,41.99310559006214,0.22368887107533583,0.5727939605712891,-0.6961177587509155,-1.2283780574798584,-1.9773260354995728
2002-08-01,0.24524693450114235,0.023772779490745355,40.78841614906834,0.24822779870173167,1.5934475660324097,0.2028663009405136,-0.6409256458282471,-1.8751436471939087
2002-09-01,0.2682335681645087,0.0313021325311033,35.147080745341654,0.23997829638783144,0.0378507524728775,0.8537160754203796,-0.2653028070926666,-2.0109639167785645
2002-10-01,0.2980278370144706,0.03782559759386933,33.22341614906833,0.20919766048048513,-0.5606796145439148,-0.03709452226758003,-0.4375590682029724,-1.8322889804840088
2002-11-01,0.38443302857142864,0.04721963832619171,20.977298136646,0.5934794717123659,1.6994813680648804,0.9787736535072327,0.9350965023040771,-1.0706305503845215
2002-12-01,0.5330402383487778,0.06914377257331591,14.806770186335427,0.4675214347704417,0.5367453694343567,1.150230050086975,1.267380714416504,-0.5722689032554626
2003-01-01,0.6515049018024879,0.047094177841346764,12.565734989648073,0.29792784515082915,2.2351503372192383,2.4482345581054688,2.1066489219665527,1.1924386024475098
2003-02-01,0.7407217060167555,0.04365728166234823,13.684440993788854,0.956662333258724,0.8795912265777588,2.0127501487731934,2.1893930435180664,1.6103849411010742
2003-03-01,0.7725968583396798,0.04174222675396467,18.424316770186394,0.5861679990618922,-0.9509768486022949,1.7503979206085205,1.8891326189041138,1.5261093378067017
2003-04-01,0.7607615575019039,0.027098146600016484,22.69488612836439,0.21406479644080192,1.679081916809082,0.9498251080513,2.3721964359283447,1.9765032529830933
2003-05-01,0.44357730388423444,0.04128367084899706,31.360559006211204,0.5614907664370681,-0.17962345480918884,0.48383432626724243,1.9190787076950073,1.9984875917434692
2003-06-01,0.29219651561309967,0.021981216300309227,41.90537267080748,0.2117359454453392,-1.9233680963516235,0.760136067867279,1.7538776397705078,1.9696030616760254
2003-07-01,0.259726923076923,0.021968093480695568,44.88397515527954,0.4499253702518938,-1.351275086402893,-1.3132858276367188,0.3503154218196869,1.9047496318817139
2003-08-01,0.2751386519421173,0.028910325525002563,45.104378881987614,0.22149225285340335,-1.8109606504440308,-2.2406177520751953,-0.34981510043144226,1.7183572053909302
2003-09-01,0.2795005902513328,0.030938509649965824,35.72627329192552,1.0158689599125656,1.4038513898849487,0.3738567531108856,0.7645754218101501,1.901979923248291
2003-10-01,0.3664168697638994,0.05150016690611815,28.09579710144929,0.3718494054572648,0.48831236362457275,0.7034429311752319,-0.08868835866451263,2.018099069595337
2003-11-01,0.461906380952381,0.08084884416749971,21.524844720496915,0.6870227381999268,-0.6681194305419922,0.4019112288951874,-0.45351672172546387,1.4911302328109741
2003-12-01,0.4490201372997712,0.0828874287330372,14.570786749482428,0.5356030653858173,2.0586485862731934,1.5276856422424316,1.4785537719726562,2.054928779602051
2004-01-01,0.5435826476190477,0.0720848836631843,14.195993788819905,0.5042119104343316,-0.049784816801548004,1.2407910823822021,1.3011474609375,1.1510460376739502
2004-02-01,0.5935919840060928,0.05078501810731609,16.71891304347828,0.2626732341321607,-1.5689905881881714,0.756252110004425,0.7874545454978943,0.37434279918670654
2004-03-01,0.6907395849200304,0.04618188810460581,19.846335403726755,0.5843523069084003,0.5906563997268677,-0.6836755871772766,0.6281104683876038,0.7946264743804932
2004-04-01,0.6507896801218582,0.07650535409990109,23.229751552795065,0.5451648433815819,0.8854151368141174,-0.2801949381828308,0.7819849252700806,0.5189202427864075
2004-05-01,0.4382618240670221,0.04024499147493609,29.270124223602465,0.3328563649883461,0.6268113255500793,0.9836251139640808,1.1503143310546875,0.6564838886260986
2004-06-01,0.34378998476770745,0.020480402211744,37.376459627329226,0.24076900695943995,0.7069010734558105,1.0355334281921387,-0.006187033839523792,0.9230214953422546
2004-07-01,0.32323440594059405,0.01866552168120121,41.72431677018639,0.5157425706663112,-0.9341813921928406,0.5577064156532288,-0.017668969929218292,0.9542948007583618
2004-08-01,0.3095359672505711,0.022155207495806694,41.0791925465839,0.21588690789731285,-0.5510904788970947,-0.10868113487958908,0.8440670967102051,1.0308024883270264
2004-09-01,0.35106214775323685,0.03972165958837061,37.22257763975159,0.40842747483423936,0.526751697063446,-0.0857665166258812,0.8357954025268555,0.8637551665306091
2004-10-01,0.36799064455808217,0.04475151870366979,31.222111801242264,0.1932613380799636,-0.8894515633583069,-0.5781168341636658,-0.14557431638240814,0.5584286451339722
2004-11-01,0.49137641904761914,0.055756837868872984,17.65563146997933,0.21811281720109085,1.581814169883728,0.8643476963043213,0.7431097626686096,1.2587040662765503
2004-12-01,0.39629147597254005,0.08362938835095088,11.56864130434785,0.43944600704160164,0.8133087754249573,1.1034784317016602,0.967298686504364,0.5523490905761719
2005-01-01,0.6465545523809526,0.056458628864351074,11.619099378881998,0.4816792810952333,0.03782135248184204,1.3253898620605469,0.8636964559555054,0.5624616146087646
2005-02-01,0.6587965156130996,0.04268165589507237,13.255683229813698,0.610980264497484,1.657762050628662,1.295772671699524,1.5131711959838867,1.576975703239441
2005-03-01,0.7021785224676311,0.029505171935868733,19.724751552795055,0.7455672957612212,-0.6492850184440613,0.7670392394065857,1.2051228284835815,1.2896885871887207
2005-04-01,0.7027206587966488,0.06481106017086094,21.97467908902693,0.8484206982862013,1.1634562015533447,1.3551311492919922,1.7272008657455444,1.3861215114593506
2005-05-01,0.4251093869002285,0.05081116149199166,32.97400621118017,0.2077836984658702,-1.5230480432510376,-0.32293978333473206,0.9678955674171448,1.0713086128234863
2005-06-01,0.31640944402132515,0.025358775317529395,39.34543478260875,0.29047803927086985,-0.36722180247306824,0.011289714835584164,0.6160019040107727,0.9653570055961609
2005-07-01,0.2989825971058644,0.024824256038763884,43.44177018633543,0.31477125247969556,-0.5837559103965759,-1.4789952039718628,0.6974744200706482,0.9908130764961243
2005-08-01,0.2975079207920792,0.035033397086612,41.60239130434789,0.5335384821984385,1.3665850162506104,0.19080667197704315,-0.20491862297058105,1.1379170417785645
2005-09-01,0.2998546458492003,0.038264990743609575,35.192670807453425,0.5757550458817954,-0.46421313285827637,0.04606841504573822,0.0038056422490626574,1.0092442035675049
2005-10-01,0.3088450875856816,0.03670795991318044,33.45633540372673,0.19406262287926415,-1.3126575946807861,-0.8657001256942749,-1.6282906532287598,0.9399810433387756
2005-11-01,0.36146855238095243,0.05233672918567263,23.877857142857152,0.2657344272232384,-0.2560333013534546,-1.1828376054763794,-1.0113130807876587,0.25657910108566284
2005-12-01,0.3606193935926775,0.04735920178156813,14.137204968944133,0.26094827787881036,0.8359407186508179,-0.2773546874523163,-0.2676575481891632,0.24845664203166962
2006-01-01,0.4685687809523811,0.05062045611004423,11.641149068323017,0.4612106870863695,1.6843485832214355,1.4642106294631958,0.886526882648468,1.0063655376434326
2006-02-01,0.6041591964965726,0.05626987998651421,16.198975155279527,0.6096570039627947,-0.27237236499786377,1.3262687921524048,0.5064339637756348,0.21024151146411896
2006-03-01,0.6616915460776845,0.06001722422218473,21.116304347826116,0.7715516780011095,-1.0817310810089111,0.6254593729972839,0.24924726784229279,0.14414732158184052
2006-04-01,0.6076444592536175,0.05774736363214886,26.597619047619066,0.848276350890511,-1.4742695093154907,-1.3993442058563232,0.26061543822288513,-0.5480345487594604
2006-05-01,0.3620154036557501,0.024775519693426458,35.07754658385096,0.37808101269337424,0.08681736886501312,-1.3857239484786987,0.4459702670574188,-0.255636602640152
2006-06-01,0.29221222391469914,0.02429002160656287,42.11459627329194,0.16724955493987934,-0.8693496584892273,-1.2590820789337158,-0.09881440550088882,-0.30786991119384766
2006-07-01,0.27707968392993143,0.028992916532026174,46.706956521739144,0.2463401751842924,-1.059149146080017,-0.5995972752571106,-1.5037306547164917,-0.34091195464134216
2006-08-01,0.271476523229246,0.0290418837422311,42.68515527950312,0.24291249825696154,-0.20564168691635132,-1.0770692825317383,-1.6233878135681152,-0.47716861963272095
2006-09-01,0.28606102437166786,0.03416496013726106,40.07559006211186,0.1883725452632156,0.02742766961455345,-0.46524637937545776,-1.2972065210342407,-0.39913663268089294
2006-10-01,0.2939004569687738,0.0370160296441593,33.573229813664604,0.09801725216801992,-0.5160951614379883,-0.4939776360988617,-0.7824246287345886,-0.1598074734210968
2006-11-01,0.3257355428571429,0.039809522336840375,24.98881987577643,0.4656170240346997,-1.0098295211791992,-1.0074105262756348,-1.308524489402771,-0.3830086588859558
2006-12-01,0.37244290617848974,0.05012231436470642,16.168354037267108,0.17486895642827874,1.4142966270446777,0.3004079759120941,0.0969124287366867,-0.0723254606127739
2007-01-01,0.5509382666666667,0.04896578557641834,16.212080745341638,0.3428046743216803,-1.9090336561203003,-0.670194685459137,-0.8426746129989624,-1.5051453113555908
2007-02-01,0.725158511043412,0.03842993563058738,17.55701863354041,0.5416568530741247,-0.5116982460021973,-0.40197333693504333,-0.9857590794563293,-1.5080488920211792
2007-03-01,0.7415788651942117,0.05108291948664659,18.572826086956567,0.43356619173337946,2.01184344291687,-0.26241156458854675,-0.03987155854701996,-0.6207916736602783
2007-04-01,0.6692346915460776,0.04063156536537485,23.23347826086958,0.32412712276543487,0.6000272631645203,1.1480073928833008,0.3369672894477844,-0.14674003422260284
2007-05-01,0.3764179931454683,0.03807505363312175,31.885931677018647,0.2413722850354012,-0.956862211227417,1.3324064016342163,0.5325042605400085,-0.3286229372024536
2007-06-01,0.3023570258948971,0.029841329485784916,39.40251552795034,0.27341121315804173,0.8755028247833252,0.25139203667640686,-0.1332288682460785,-0.11808125674724579
2007-07-01,0.26332677075399846,0.025086230074244917,45.52444099378887,0.3168727389022529,-1.1962305307388306,-0.529059112071991,0.818851113319397,-0.1287686824798584
2007-08-01,0.2587677265803503,0.026976579028361015,44.19521739130437,0.36236557170611333,-0.8220191597938538,-0.15913492441177368,1.140105128288269,-0.16029590368270874
2007-09-01,0.289470201827875,0.032880054631051696,36.58009316770189,0.44729065285188807,0.2734956741333008,-0.513560950756073,-0.033359263092279434,-0.11366179585456848
2007-10-01,0.3315390708301598,0.045703344624617476,28.195755693581816,0.29276169527464163,0.47927454113960266,0.2503957748413086,-0.08740244060754776,0.20361033082008362
2007-11-01,0.49265740952380965,0.06828264536143265,20.493913043478273,0.31393883131850686,-0.6789857149124146,-0.11454612761735916,-0.18254119157791138,0.2661042809486389
2007-12-01,0.5668616704805493,0.08343178812513319,13.834192546583864,0.18745185092554498,0.44453901052474976,0.07079346477985382,-0.13213559985160828,-0.2326097935438156
2008-01-01,0.6395402857142858,0.03936888469943714,15.755403726708082,0.3167370393682428,-1.666864275932312,-1.2071937322616577,-0.8983241319656372,-0.18156693875789642
2008-02-01,0.606252951256664,0.05691417774451243,18.15142857142861,0.5391967981883128,-1.6905875205993652,-1.5090593099594116,-1.3921666145324707,-0.5442278385162354
2008-03-01,0.5419109672505711,0.07420074192961996,21.56062111801245,0.3378337838684,0.9199824929237366,-1.4657481908798218,-1.0843884944915771,-0.9595194458961487
2008-04-01,0.4314116336633662,0.039152510990474065,29.316149068323014,0.6328733395712188,-1.6887905597686768,-1.2875183820724487,-1.724975347518921,-1.4558603763580322
2008-05-01,0.2980775894897182,0.02438632333863413,34.832484472049735,0.33673142005747975,0.30994269251823425,-0.219601571559906,-1.4539580345153809,-1.2607543468475342
2008-06-01,0.26772939832444775,0.024921321854536424,42.92099378881993,0.7590491305150739,-0.3359789550304413,-1.1324708461761475,-1.785789966583252,-1.4025832414627075
2008-07-01,0.25558954683929924,0.025937794669132156,46.17919254658388,0.3079677166641773,-0.4835667610168457,-0.05077970027923584,-1.203816533088684,-1.370550274848938
2008-08-01,0.23808292079207916,0.02449457331454275,47.1515838509317,0.24129989415675274,-0.4481840133666992,-0.6477832198143005,-0.406550794839859,-1.3634719848632812
2008-09-01,0.27863417745620717,0.03205672738577035,38.23642857142859,0.3329218776050551,1.022681713104248,0.5797802805900574,-0.6751233339309692,-1.2454886436462402
2008-10-01,0.30493784180901606,0.04116658525790365,29.503385093167722,0.37021744612415386,-0.35486695170402527,0.09674541652202606,0.04209017753601074,-1.4849580526351929
2008-11-01,0.3855768761904762,0.04668624754546622,20.689917184265067,0.4908927808333079,-0.7029343247413635,-0.30979663133621216,-0.5315269231796265,-1.4612830877304077
2008-12-01,0.42704874141876437,0.054461526750146,14.049378881987607,0.31921588500821035,-0.7367947697639465,-1.1969581842422485,-0.9172766208648682,-1.768651008605957
2009-01-01,0.6296690476190479,0.03382554905776719,12.67829192546587,0.13793059719361014,2.1574718952178955,1.0629674196243286,0.9003859758377075,-0.13808612525463104
2009-02-01,0.7005338347296266,0.0414988537133004,13.51416149068325,0.5761461075783806,0.15189330279827118,1.2435027360916138,0.8618160486221313,0.4111514091491699
2009-03-01,0.7195457349581111,0.03246535840793948,18.787142857142868,0.2664861611487319,0.2312244474887848,1.7158259153366089,0.6920947432518005,0.25051650404930115
2009-04-01,0.738721991622239,0.04861305163951776,22.26788819875776,0.28732324860285247,1.9935933351516724,1.2549340724945068,1.5031617879867554,1.2310775518417358
2009-05-01,0.4623567212490479,0.032095633484565705,30.739565217391316,0.1809207776701441,-0.31387755274772644,1.2940542697906494,1.6524291038513184,1.1418157815933228
2009-06-01,0.31990839680121846,0.026528916056071286,40.813385093167724,0.24868956042289944,-1.8125200271606445,1.0627450942993164,1.8426783084869385,1.025370478630066
2009-07-01,0.27520767326732665,0.02581805424696998,44.79664596273295,0.28063293049195964,-1.433718204498291,-1.390750527381897,0.6266366839408875,0.9767341017723083
2009-08-01,0.27986867859862896,0.032311814728048366,44.855776397515555,0.0955158643640281,-0.020823562517762184,-1.6492793560028076,0.7001378536224365,1.0103081464767456
2009-09-01,0.3190725818735719,0.03632005932367266,36.13232919254659,0.9413929895030159,1.667175531387329,1.147792100906372,1.3057833909988403,1.1660094261169434
2009-10-01,0.3611932597105864,0.04405918438186365,31.041180124223633,0.5350216571379324,-0.1496933400630951,0.7372854351997375,-0.0976996198296547,1.2153054475784302
2009-11-01,0.4194897904761906,0.0620447323061904,25.151086956521752,0.3810994987244091,-0.8654272556304932,0.10164973884820938,-0.5156726837158203,1.1848522424697876
2009-12-01,0.4416087147215866,0.07806346126397581,16.5433229813665,0.3191538099109889,-0.864829421043396,-1.257080316543579,-0.7289856672286987,1.1212637424468994
2010-01-01,0.498615561904762,0.05510173228138301,15.318695652173957,0.4962250353616414,-0.25864821672439575,-1.2717063426971436,-0.6608193516731262,-0.15164493024349213
2010-02-01,0.5602086252856053,0.047161863859836395,17.28329192546586,0.5180257972492097,-0.4917428195476532,-0.973559558391571,-0.8457130193710327,-0.3653414845466614
2010-03-01,0.5607382901751712,0.07523952198568076,21.073229813664625,0.49672308009412636,0.290608286857605,-0.40345829725265503,-1.1288515329360962,-0.3057320713996887
2010-04-01,0.42414874333587205,0.039107514101978796,28.589047619047637,0.4788890537224439,0.5485318303108215,-0.011727381497621536,-0.9490264058113098,-0.8691666126251221
2010-05-01,0.30421825971058647,0.023490187164399164,34.874782608695696,0.6939483307683373,0.7619006633758545,0.6864773035049438,-0.41579899191856384,-0.6791724562644958
2010-06-01,0.2636222772277228,0.025498942024551607,41.26506211180124,0.3450628661456011,-0.04842168837785721,0.673812747001648,-0.009288366883993149,-0.5088652968406677
2010-07-01,0.23208194973343488,0.019868457914073122,48.346925465838524,0.4364301952562548,-1.1403752565383911,0.24737918376922607,0.07881196588277817,-0.49119138717651367
2010-08-01,0.24147031607006847,0.02155578628174849,45.54512422360253,0.2618373901065856,-0.6551971435546875,-0.7848570942878723,0.3760863244533539,-0.5287215709686279
2010-09-01,0.24313347296268084,0.028734083333195694,38.34059006211184,0.4751183856842468,0.1608937829732895,-0.537761926651001,0.33946120738983154,-0.8725404143333435
2010-10-01,0.26924900990099,0.03934946781449461,29.69960662525885,0.29736948441283545,1.0845457315444946,0.7385311126708984,0.7269471287727356,-0.4563674032688141
2010-11-01,0.46053619047619054,0.0629014789376601,19.020931677018652,1.379060860829455,1.3114010095596313,1.3819881677627563,1.090982437133789,0.2756173610687256
2010-12-01,0.5765970251716248,0.07235242529602842,15.530403726708101,0.5718702174382782,-1.0096526145935059,0.6908661127090454,0.4467635750770569,0.20619764924049377
2011-01-01,0.6810402285714288,0.04906933565308031,15.740527950310593,0.3659690827948197,-0.5530160069465637,-0.2761495113372803,0.16193021833896637,0.07058565318584442
2011-02-01,0.7726655178979436,0.0370804485819775,14.56136645962735,0.3911769261872119,1.1890180110931396,-0.2702923119068146,0.6814539432525635,0.6495346426963806
2011-03-01,0.7671442878903272,0.03414907484219511,18.891428571428634,1.1001505603749155,0.4567088484764099,0.5145549178123474,0.7691688537597656,0.7209337949752808
2011-04-01,0.5775827875095201,0.08234997730230788,26.94519668737068,0.23207469979026482,0.6078726053237915,1.15803062915802,0.6048253178596497,0.7376372814178467
2011-05-01,0.34008844249809583,0.026696850495777143,31.252453416149095,0.483729364861158,0.8140572905540466,0.82859206199646,0.27991580963134766,0.7471314072608948
2011-06-01,0.31288501523229234,0.032690068592729396,40.834720496894406,0.2966941870604191,0.004952036775648594,0.7490364909172058,0.7686763405799866,0.7593267560005188
2011-07-01,0.2846663556740289,0.023788838819865606,44.38298136645966,0.3567273922180592,-0.21377624571323395,0.5243372917175293,1.1793475151062012,0.8174483776092529
2011-08-01,0.27726557501904037,0.026989340746065012,45.58742236024848,0.24910371648904625,-1.9296728372573853,-0.8672370910644531,0.483558714389801,0.755599856376648
2011-09-01,0.28944623000761616,0.03452051742407378,37.926583850931735,0.342394675900461,-0.8787988424301147,-1.4981895685195923,0.021652743220329285,0.6174378395080566
2011-10-01,0.3439314166031987,0.0439621077017498,29.405859213250512,0.2225002768850591,1.7080605030059814,0.865034282207489,0.9563343524932861,0.9094296097755432
2011-11-01,0.45883680000000004,0.06322058762507839,20.54975155279506,0.1924208514084394,0.09751573204994202,0.912941575050354,0.5786791443824768,0.47001099586486816
2011-12-01,0.5853927726926011,0.0823252381192473,14.329399187768786,0.24580121088403237,-0.17211933434009552,0.8891995549201965,0.364625483751297,0.723842978477478
2012-01-01,0.674138742857143,0.057380872973690183,13.589254658385116,0.25118877472437895,-0.4344331920146942,-0.50198894739151,0.06566242128610611,0.7480365633964539
2012-02-01,0.6538573686214773,0.03558738990865755,12.30347826086961,0.39287711471490966,1.0670446157455444,0.15411901473999023,0.625538170337677,0.6616011261940002
2012-03-01,0.7046230769230768,0.036669220224243314,19.057577639751557,0.4467055331884419,-0.16920793056488037,0.2156611829996109,0.7010672092437744,0.5328020453453064
2012-04-01,0.6585168126428025,0.06466227427550147,25.10015527950314,0.38086177587197045,0.2241136133670807,0.6188507080078125,0.050201985985040665,0.4292447865009308
2012-05-01,0.38782119192688497,0.02293714466775454,33.89703933747413,0.15511897063436442,-1.3559389114379883,-0.5868176221847534,-0.22336216270923615,0.038832247257232666
2012-06-01,0.2973549314546839,0.02356929012319027,43.03403726708078,0.42005755310260395,-1.7371163368225098,-1.0966293811798096,-0.3921337425708771,-0.13827680051326752
2012-07-01,0.27251325209444016,0.019254955104368292,45.985559006211176,0.7774657464161255,-1.1403752565383911,-2.031773090362549,-0.26709526777267456,-0.19871872663497925
2012-08-01,0.28015653084539216,0.026871865961786656,46.01468944099382,0.1869897404015325,-0.03659607470035553,-1.5064752101898193,-1.0471258163452148,-0.06689303368330002
2012-09-01,0.330032121096725,0.03523420742513713,38.008198757764035,0.292787583493545,0.3444044589996338,-0.1498154103755951,-1.0151166915893555,0.1316627413034439
2012-10-01,0.4376805225111522,0.06173189526857108,28.497391304347857,0.39766092215329013,-0.12000022083520889,-0.0294971726834774,-1.2418882846832275,-0.5354059934616089
2012-11-01,0.552730742857143,0.08624903381101341,21.671325051759823,0.35831627613416045,-1.0187585353851318,-0.6590842604637146,-1.1616060733795166,-0.8497653603553772
2012-12-01,0.5426366323417239,0.07148146485966062,15.132329192546592,0.25528351926261983,-1.3619695901870728,-1.6202925443649292,-1.5542224645614624,-1.2201380729675293
2013-01-01,0.6082419809523811,0.06544469948984752,15.568416149068355,0.4501946636979021,-0.18522606790065765,-1.582318663597107,-1.3700151443481445,-1.1634172201156616
2013-02-01,0.6398702208682406,0.053614120912750814,12.064720496894424,0.6519105342471218,0.8782803416252136,-0.48314327001571655,-0.8684031963348389,-1.1991403102874756
2013-03-01,0.717310338918507,0.04573906918132761,21.031583850931696,0.2950096209833503,-0.17341482639312744,0.22105491161346436,-0.9374574422836304,-1.2084177732467651
2013-04-01,0.5504373381568926,0.0442424137909052,27.030496894409964,0.5550656656310015,-0.04307034611701965,0.3521261215209961,-0.9394901990890503,-1.279699444770813
2013-05-01,0.3619690784463061,0.024936175967274002,33.044130434782645,0.5080698369181246,-0.9477585554122925,-0.5648340582847595,-0.7622761726379395,-1.2056604623794556
2013-06-01,0.27979655369383083,0.023555887507098895,42.200093167701894,0.6111809179691203,-0.9862095713615417,-0.8479057550430298,-0.267570436000824,-1.1516329050064087
2013-07-01,0.26586349961919264,0.029439794994335137,45.88493788819879,0.3221543866583689,-0.6646110415458679,-1.3064274787902832,-0.21535901725292206,-1.1298973560333252
2013-08-01,0.28750308453922313,0.03326450054244729,42.399099378882,0.3398298279084401,1.5820730924606323,-0.02411729283630848,-0.5013464093208313,-0.9901875853538513
2013-09-01,0.34360936785986285,0.041624994891823835,36.88049689440996,0.30148027713378633,0.35077351331710815,0.7585887312889099,-0.33620685338974,-0.9961946606636047
2013-10-01,0.29867867479055593,0.03217710107099975,34.44209109730849,0.2082954216620493,-0.24396729469299316,0.30900004506111145,-0.47410324215888977,-1.0278867483139038
2013-11-01,0.3938172190476191,0.06691589138148854,21.63910973084889,0.3715557115561148,1.423318862915039,0.9253756403923035,0.8242143392562866,-0.1865864247083664
2013-12-01,0.5493852974828376,0.04716475827318863,16.766055900621154,0.33066123442690665,-0.235338032245636,0.5608632564544678,0.7277382016181946,0.2078474462032318
2014-01-01,0.6157991809523811,0.026680409074677756,13.345745341614943,0.273020472954823,-0.1480100303888321,0.5291322469711304,0.5554038882255554,0.1900358349084854
2014-02-01,0.7428136519421171,0.04221563510297604,17.026614906832364,0.3764077521281398,-0.9241899251937866,-0.7795505523681641,-0.12477507442235947,-0.429353803396225
2014-03-01,0.7637590251332824,0.04460593619221418,18.162950310558998,0.31750569673247225,1.8689994812011719,0.41476064920425415,0.6153157949447632,0.3157254755496979
2014-04-01,0.6475367479055596,0.06032823775268151,25.647805383022824,0.6115810364516675,-1.7047913074493408,-0.16884861886501312,0.2612953782081604,-0.08366236835718155
2014-05-01,0.38518690022848434,0.026744637698496054,30.09662008281576,0.7288025540501886,-0.6034586429595947,0.28364676237106323,-0.5071032047271729,-0.02060736157000065
2014-06-01,0.3069079969535415,0.031187782395766153,41.92475155279507,0.5893081509592683,-0.6824323534965515,-1.7111122608184814,-0.5166167616844177,0.012021662667393684
2014-07-01,0.2697477722772277,0.02753262557860839,45.43757763975158,0.3564672308929655,-0.034332551062107086,-0.7620304822921753,-0.4666256606578827,0.050051990896463394
2014-08-01,0.2762402894135567,0.02741728856039234,44.88440993788825,0.4511462104516776,-1.5116819143295288,-1.0801700353622437,-0.09765475988388062,-0.19845841825008392
2014-09-01,0.27266106245239907,0.03204561505723881,40.66593167701869,0.7666893878053314,-1.3618221282958984,-1.6706938743591309,-2.2116925716400146,-0.46022137999534607
2014-10-01,0.372918278750952,0.054455060472935954,33.33985507246376,0.1402624466858809,-0.20952469110488892,-1.089547872543335,-1.397737741470337,-0.42152920365333557
2014-11-01,0.40520005714285723,0.05514052762376134,26.718229813664607,0.362831795608713,-0.6898642778396606,-1.1117702722549438,-1.4009417295455933,-1.1741201877593994
2014-12-01,0.510274160945843,0.054931361112960396,15.382298136645971,0.7997596638386331,0.9222113490104675,0.10277578234672546,-0.4745568037033081,-0.69818514585495
2015-01-01,0.6143434666666667,0.036405055929374444,12.988850931677035,0.35271516208579945,0.3194161653518677,0.3832950294017792,-0.26229771971702576,-0.5611870884895325
2015-02-01,0.6584695544554454,0.05257423856895663,13.512732919254688,0.2792583257097434,2.0266168117523193,1.708453893661499,0.9848251342773438,0.6678880453109741
2015-03-01,0.7082083015993905,0.048594125410068724,18.352018633540396,0.40942341891104916,0.8703545331954956,1.724797248840332,1.3693934679031372,0.3130640983581543
2015-04-01,0.6726128712871285,0.03849504906081659,25.185072463768147,0.4208346550354216,-2.2254743576049805,1.0914684534072876,0.973400354385376,0.17441825568675995
2015-05-01,0.3754895087585681,0.023807902819750502,31.663881987577668,0.5133220937373686,-1.281798005104065,-1.1595032215118408,0.9960178732872009,0.05104067921638489
2015-06-01,0.29068204493526273,0.029608141151524922,41.900124223602546,0.4337456134277338,-0.847201943397522,-2.4660842418670654,0.5234474539756775,0.03665687143802643
2015-07-01,0.2762908606245239,0.02557025712753696,47.33881987577645,0.31198698412028647,-1.3436824083328247,-1.6889740228652954,0.34682697057724,-0.04804723709821701
2015-08-01,0.30429548743335866,0.03288074898339633,43.52621118012429,0.27408631987188986,0.7453275918960571,-0.7594242691993713,-1.306228518486023,0.12194045633077621
2015-09-01,0.3206533701447067,0.04353698547029636,37.693788819875806,0.2553330566455955,0.44781213998794556,0.18845412135124207,-2.0257763862609863,0.4054275155067444
2015-10-01,0.368897715156131,0.05035018726901315,29.698944099378934,0.6352696916515964,0.18146738409996033,0.3960258960723877,-0.6213933229446411,0.5432009100914001
2015-11-01,0.48623293333333334,0.0687988917820059,23.124689440993805,0.4614356821437937,-0.0637291818857193,0.1155819296836853,-0.17594943940639496,0.6833714246749878
2015-12-01,0.5350707856598016,0.05528573112324621,17.20562111801243,0.16134454571922247,-1.897122859954834,-1.3895223140716553,-1.2358776330947876,-0.3935730457305908
2016-01-01,0.6480844952380953,0.02684081237542388,15.86472049689445,0.7542148909878217,-0.911658763885498,-1.8964228630065918,-1.4227986335754395,-0.8576084971427917
2016-02-01,0.7055527037319115,0.043226115949902194,15.885124223602475,0.4550297109345811,-1.0281305313110352,-2.0108118057250977,-1.6822426319122314,-1.8365886211395264
2016-03-01,0.7192720106626045,0.048754532945639945,20.42972049689442,0.45936625004366927,0.21726833283901215,-1.076065182685852,-1.6464415788650513,-2.0643725395202637
2016-04-01,0.5892639185072353,0.0289692788172293,24.95195652173915,1.171364185663637,-0.3124573528766632,-0.7521681785583496,-1.8467769622802734,-1.7213741540908813
2016-05-01,0.3296431073876618,0.019712502071534056,33.98830227743275,0.43635830899923134,0.706184983253479,0.1797102391719818,-1.697381854057312,-1.42792546749115
2016-06-01,0.2766020373191165,0.023691691279894993,41.75928571428574,0.7811429656246677,-0.936011552810669,-0.1531410813331604,-1.0332579612731934,-1.4480143785476685
2016-07-01,0.26774501142421925,0.02850780728849906,46.69847826086961,0.40016519097993686,-1.2668304443359375,-0.2055000364780426,-0.7689048051834106,-1.4500868320465088
2016-08-01,0.2793672124904798,0.030761481353666076,46.52742236024848,0.2885278618044763,-1.4574960470199585,-1.6203597784042358,-0.3931891620159149,-1.5935609340667725
2016-09-01,0.28389200304645845,0.026365293929533226,33.0290683229814,0.5966801907814867,0.632350504398346,-0.40204599499702454,-0.3362066447734833,-1.583904504776001
2016-10-01,0.35417294235665325,0.04696210643116168,30.68270186335407,0.2229194740682917,-0.9868454337120056,-0.7514227628707886,-0.7727604508399963,-1.9026259183883667
2016-11-01,0.5406376380952382,0.060111320856072736,19.686438923395446,0.3775292698970914,-0.1408739984035492,-0.5130899548530579,-1.07584547996521,-1.8633396625518799
2016-12-01,0.6425708619374524,0.05278761685814791,16.683695652173924,0.41436031705922877,0.7674493789672852,-0.1246810033917427,-0.27633988857269287,-0.9447041153907776
2017-01-01,0.7126309904761906,0.041238680459856215,12.038540372670852,0.2444252446200999,0.2827877998352051,0.47726261615753174,-0.006688580382615328,-0.567733645439148
2017-02-01,0.7088144897182025,0.045796157094439544,15.63782608695658,0.24857586695382985,-0.1768016666173935,0.41079533100128174,-0.04392113536596298,-0.3164762854576111
2017-03-01,0.738024504950495,0.046795727288975054,20.541024844720496,0.2805747212998424,-1.8898582458496094,-0.893007218837738,-0.776814877986908,-0.8305940628051758
2017-04-01,0.6222546458492002,0.049065447201929235,27.876335403726745,0.4857754361868529,-0.8613842129707336,-1.4860328435897827,-0.7359767556190491,-0.968220591545105
2017-05-01,0.37326306169078444,0.0265709656398427,35.60956521739131,0.2555557096194502,-2.007446527481079,-2.2611663341522217,-1.1217705011367798,-1.4038974046707153
2017-06-01,0.29979354531607,0.033376399487706106,43.776614906832336,0.4945096963178783,-0.44075852632522583,-1.8571197986602783,-1.6437361240386963,-1.3743230104446411
2017-07-01,0.2636343107387661,0.02419087159732207,46.36804347826089,0.3874718519834013,-1.1403752565383911,-2.0619285106658936,-2.069178819656372,-1.3733525276184082
2017-08-01,0.27160672124904794,0.025414829534102942,46.67527950310563,0.57989750000261,-1.9296728372573853,-1.4592419862747192,-2.5940399169921875,-1.4118704795837402
2017-09-01,0.29003442498095955,0.032003519802178845,39.83263975155285,0.41990571473370253,-1.1825100183486938,-2.0271308422088623,-2.49798846244812,-1.668871521949768
2017-10-01,0.3121062071591774,0.03771822798359199,33.943995859213295,0.20929798388483747,0.37051495909690857,-0.6353479027748108,-1.7921770811080933,-1.3933968544006348
2017-11-01,0.3261720380952381,0.047971437022296864,22.85568322981368,0.8321442810020542,1.0385245084762573,0.48578205704689026,-0.05833583325147629,-0.9891857504844666
2017-12-01,0.45893579328756673,0.05572375413306879,15.583571428571446,0.49619167079657234,-0.7447057962417603,0.20797882974147797,-0.49486982822418213,-1.4760279655456543
2018-01-01,0.6488296190476193,0.051451136366535116,15.697795031055918,0.13060263737068833,-1.5209901332855225,-0.9343275427818298,-1.1295249462127686,-1.96066153049469
2018-02-01,0.7328983054074635,0.041352547957746656,15.09807453416154,0.36965125166169316,0.4026435315608978,-1.1261080503463745,-0.7385116815567017,-1.751961588859558
2018-03-01,0.7813720868240668,0.043828808297062295,20.079689440993832,0.17715953339432097,0.485012412071228,-0.5552349090576172,-0.3145371973514557,-1.2916282415390015
2018-04-01,0.6731648895658796,0.05135493192148359,23.922795031055937,0.38266561152332895,-1.087248682975769,-0.10116329044103622,-0.7638366222381592,-1.3483139276504517
2018-05-01,0.414304341203351,0.03203293790001494,31.662670807453452,0.9057596183547633,0.824941098690033,0.01020551286637783,-0.9811936616897583,-0.8690077066421509
2018-06-01,0.2934162795125665,0.030459939712782998,38.99894409937889,0.2655590544912071,-0.9193161129951477,-0.597165048122406,-0.8053218126296997,-0.9211352467536926
2018-07-01,0.2762454112718964,0.03081982051462004,45.3958385093168,0.1965682339182125,-1.463209629058838,-0.15967783331871033,-0.1682991087436676,-0.9479650855064392
2018-08-01,0.2912832254379284,0.03310218811631987,43.74543478260871,0.571786001370513,1.5744447708129883,-0.3020859956741333,-0.08025824278593063,-0.6822764277458191
2018-09-01,0.3163479626808834,0.04417792962736257,37.49860248447206,0.770815966181097,0.73367840051651,0.8246521949768066,-0.09542825818061829,-0.37452787160873413
2018-10-01,0.418059177456207,0.06302158580817986,28.596583850931683,0.37377980503334385,2.006575584411621,2.026456356048584,1.6908459663391113,0.400342732667923
2018-11-01,0.533480438095238,0.06246036806321871,19.883726708074548,0.21502055151584626,0.06544459611177444,1.51420259475708,1.3340251445770264,0.031096957623958588
2018-12-01,0.633799046529367,0.05202246090818835,15.74574534161492,0.16588244932946247,-1.5716437101364136,0.35095617175102234,0.5708727240562439,-0.2802113890647888
2019-01-01,0.7414498095238096,0.030209759473743256,12.030527950310585,0.41469158084270535,0.7898196578025818,-0.5564917325973511,0.9433993697166443,0.5424940586090088
2019-02-01,0.7338673838537699,0.04640806824582411,15.602422360248468,0.449369377812707,-0.3815515339374542,-0.6794335246086121,0.4923655092716217,0.26111137866973877
2019-03-01,0.7821198400609289,0.04361993534834514,19.607391304347857,0.2836490289522605,1.1891812086105347,0.7781948447227478,0.7462106943130493,0.5250992178916931
2019-04-01,0.7011114242193449,0.03792813057775442,22.421304347826112,0.4741471969724169,-0.08461687713861465,0.2864796817302704,-0.225778728723526,0.7376373410224915
2019-05-01,0.47792698019801966,0.04661454067127173,28.507484472049683,0.3120948194623526,0.7949299812316895,0.9361190795898438,0.017234118655323982,0.7318859100341797
2019-06-01,0.3324055026656511,0.03268630933173521,40.35223602484474,0.4664887587477833,-2.1599247455596924,-0.2863077223300934,0.4921257793903351,0.6267650723457336
2019-07-01,0.29558661462300073,0.02753786555449999,43.71102484472053,0.2137315192765491,-1.5572896003723145,-0.7196619510650635,-0.043286439031362534,0.6237184405326843
2019-08-01,0.34224714394516376,0.035570585509899416,39.27260869565221,0.5991027710495581,0.8570073246955872,-1.4946948289871216,0.38607001304626465,0.5540564060211182
2019-09-01,0.3879077113480578,0.03414436171035025,35.27909937888201,0.5209904767975209,0.6523855924606323,0.3475368022918701,-0.09932965785264969,0.5468237400054932
2019-10-01,0.3888960776846914,0.04547564128868641,31.34677018633541,0.7875468396619626,0.7365009784698486,0.9004136323928833,0.41678762435913086,-0.02146373875439167
2019-11-01,0.44900902857142855,0.05169216137128937,19.161521739130436,0.441394289037621,0.7655028700828552,0.9865455627441406,0.4652741253376007,0.1957865059375763
2019-12-01,0.5740144164759726,0.06004303379518888,15.374161490683278,0.3740218474725009,-0.28963738679885864,0.4993709325790405,0.5350731611251831,0.6188077330589294
2020-01-01,0.6859931238095238,0.028547940642580004,14.32133540372672,0.27433875953168013,-1.1502628326416016,-0.6198262572288513,-0.004317988641560078,-0.12565283477306366
2020-02-01,0.7086954683929929,0.059353158512154745,18.437950310559046,0.3432995843543415,-1.2672760486602783,-1.4606285095214844,-0.6722851991653442,-0.40434321761131287
2020-03-01,0.7440443640517898,0.04824338211874478,18.411925465838564,0.4814163977571631,1.3042939901351929,-0.7551730871200562,-0.2609923183917999,-0.3183969259262085
2020-04-01,0.5887330540746382,0.043683600538334984,24.99642857142858,0.5549719524322505,0.8354339003562927,0.3229064643383026,-0.2456836998462677,-0.09315241873264313
2020-05-01,0.3717518849961919,0.020799419657413165,36.72469979296068,0.5157448919716188,-1.7190032005310059,0.6050847768783569,-0.9209212064743042,-0.5537900924682617
2020-06-01,0.2929045696877379,0.029265875017036376,42.60791925465843,0.25318076890053987,-0.8859845399856567,-0.567764401435852,-0.9576956033706665,-0.4350613057613373
2020-07-01,0.28518246382330537,0.031259475141172555,47.23354037267083,0.37669589374600143,-1.0096088647842407,-1.9604510068893433,-0.5135877132415771,-0.3984636068344116
2020-08-01,0.27269122239146987,0.027483360950731027,46.195962732919284,0.30853252144974513,-0.8308551907539368,-1.2915830612182617,0.13165563344955444,-0.518654465675354
2020-09-01,0.3130384424980959,0.03818489910531449,37.88251552795032,0.5642991515622278,1.3580703735351562,0.6955429911613464,-0.14502876996994019,-0.3510363698005676
2020-10-01,0.33325148571428576,0.04034766777208984,32.57310559006213,1.039811704081719,-0.9370059370994568,-0.13353794813156128,-1.290220856666565,-0.8010177612304688
2020-11-01,0.33597786666666674,0.05771390406325171,23.162505175983465,1.2109346843024342,0.7843334674835205,0.49519670009613037,0.011406355537474155,-0.7980120778083801
2020-12-01,0.4952132532418002,0.07687076680848845,14.776894409937952,0.3294912105478198,0.42824339866638184,0.18260255455970764,0.37619656324386597,-0.5155735015869141
2021-01-01,0.5701922285714287,0.04444840140065204,13.172857142857183,0.32087586977198707,-1.1935784816741943,-0.15115073323249817,-0.2283131182193756,-0.566097617149353
2021-02-01,0.7691775514089869,0.027903633556792512,16.983136645962773,0.2651859886560047,-1.5105111598968506,-1.2082808017730713,-0.8021016120910645,-0.6344333291053772
2021-03-01,0.7479262947448589,0.04229944056091758,21.05096519279259,0.38587830971239445,0.16914422810077667,-1.472305417060852,-1.0205641984939575,-0.9517977833747864
2021-04-01,0.6218967821782178,0.03539168630841729,23.57720496894414,0.1227827443658595,0.12249600142240524,-0.8549062609672546,-0.7241140604019165,-1.146299958229065
2021-05-01,0.4060170030464584,0.03904727749472866,32.12239130434783,0.9483989313400619,-0.7788385152816772,-0.20362724363803864,-1.1779237985610962,-0.9774055480957031
2021-06-01,0.29934727722772275,0.029585338100084513,40.106770186335424,0.41236672504486765,-1.0646053552627563,-0.6609732508659363,-1.5964977741241455,-1.0014160871505737
2021-07-01,0.2643593297791317,0.029156648583383044,45.111863354037254,0.3356279334988112,-1.5069631338119507,-1.4496536254882812,-1.3239245414733887,-1.039315104484558
2021-08-01,0.2771465346534653,0.03549398672126607,45.10440993788822,0.3265350264284935,-1.1336688995361328,-1.6752092838287354,-0.766854465007782,-1.0623012781143188
2021-09-01,0.29602018278750947,0.043906299789471005,39.70704968944099,0.5630924404085291,-1.2994701862335205,-1.9986462593078613,-1.5005472898483276,-1.4928761720657349
2021-10-01,0.3601428027418126,0.06372509365805899,29.222380952380963,0.284090941051704,-0.27641475200653076,-1.0471941232681274,-1.7676284313201904,-1.374597430229187
2021-11-01,0.43823415238095254,0.07024841311578509,22.470341614906857,0.349430394871729,-0.7072949409484863,-1.1409813165664673,-1.6453971862792969,-1.744611382484436
2021-12-01,0.513510049580473,0.08037408057306422,15.626770186335435,0.48886558086286086,-0.5627908110618591,-1.0506893396377563,-1.592197060585022,-1.9658814668655396
2022-01-01,0.625348380952381,0.04973375463394117,12.614006211180168,0.26033158827177616,-0.47919780015945435,-1.1553856134414673,-1.5084956884384155,-1.7728278636932373
2022-02-01,0.685230236100533,0.030302520718820076,16.438726708074554,0.7852195676596999,-1.2780799865722656,-1.2784444093704224,-1.6883572340011597,-1.6543480157852173
2022-03-01,0.6601468202589489,0.028785445413240282,17.285372670807476,0.30338012416396254,-0.36604592204093933,-1.2071479558944702,-1.539899468421936,-1.8235403299331665
2022-04-01,0.6576455445544553,0.050640318111394855,24.135755693581796,0.3753386539521644,-1.1897227764129639,-1.4808825254440308,-1.8222934007644653,-2.0403175354003906
2022-05-01,0.3727862338156891,0.030557259470728203,34.8201552795031,0.4163505747806009,-0.18601033091545105,-0.9601622819900513,-1.6595978736877441,-1.9534282684326172
2022-06-01,0.2930605483625285,0.035093703386627,43.58835403726712,0.15472737892264715,-2.005615711212158,-1.5225067138671875,-1.7417384386062622,-2.0366873741149902
2022-07-01,0.27945586443259707,0.03632128633525715,47.62484472049694,0.17478341188479343,-1.9019626379013062,-1.5284818410873413,-1.8868067264556885,-2.0664525032043457
2022-08-01,0.29282063975628325,0.03431214926271789,44.94145962732922,0.28914760075202095,-1.2054187059402466,-2.3100452423095703,-1.680748462677002,-2.1046764850616455
2022-09-01,0.27823200685453153,0.03653856654077856,38.7081677018634,0.47616159097178895,-0.9021002650260925,-1.89576256275177,-2.157672643661499,-2.0947389602661133
2022-10-01,0.32006629855293217,0.05895489094779725,33.81639751552797,0.2880062883020643,-1.571282148361206,-1.7840427160263062,-2.475119113922119,-2.467055559158325
2022-11-01,0.40516996190476195,0.07022763792710193,19.362406832298177,0.837956749149166,-0.10707611590623856,-1.3784313201904297,-2.095865249633789,-2.2431540489196777
2022-12-01,0.5352845807562385,0.062093870833701784,17.57937888198761,0.19760093686358726,-1.8706824779510498,-2.1293888092041016,-2.479557991027832,-2.4756228923797607
2023-01-01,0.5833389523809525,0.04235331642249536,14.136987577639772,0.3646974500567352,-1.050514578819275,-1.9725404977798462,-2.502061367034912,-2.541081666946411
2023-02-01,0.591652284843869,0.04910289689330971,17.016521739130468,0.33460362407278926,-0.9570440053939819,-2.0307419300079346,-2.3107004165649414,-2.3650174140930176
2023-03-01,0.4334685833968011,0.0393904025652361,27.06257763975158,1.0281728955611695,-1.9028723239898682,-1.95614755153656,-2.6079094409942627,-2.8015148639678955
2023-04-01,0.3799434310738765,0.027670593964216568,32.287474120082855,0.7222453476474651,-1.2015961408615112,-1.9549121856689453,-2.6371278762817383,-2.74943208694458
2023-05-01,0.3583159748667174,0.034453057833040035,32.535776397515576,0.39923096330443686,2.228531837463379,-0.6635081171989441,-2.149873971939087,-2.39231014251709
2023-06-01,0.34783313023610046,0.02137547313637546,35.71230085687087,0.5537082098499676,1.463876485824585,1.0970851182937622,-1.142233967781067,-2.1336417198181152
2023-07-01,0.2904383853769992,0.021433403489574974,45.93906832298137,0.19856208941158326,-1.6969331502914429,1.8679226636886597,-0.8755953907966614,-2.129220724105835
2023-08-01,0.28838619573495805,0.024842143438492843,45.80776397515528,0.2344996140770318,-0.8839730024337769,0.23289808630943298,-0.4979971647262573,-2.152327537536621
2023-09-01,0.2878823495811119,0.029824543488270256,40.79984472049692,0.4669355728161401,-2.148232936859131,-2.612144708633423,-0.09023042023181915,-2.3137993812561035
2023-10-01,0.29958629093678596,0.0329114379344565,34.850331262939996,0.23491216959036143,-2.0688185691833496,-2.514665126800537,-0.6708123087882996,-2.551734685897827
2023-11-01,0.33146923809523815,0.04704061715409402,26.708633540372688,0.14412248122092441,0.8115527629852295,-1.3834547996520996,-1.1751141548156738,-2.2163045406341553
2023-12-01,0.4370910755148742,0.07592013054283103,13.408685426450589,0.5128628560972708,1.0033282041549683,0.16324679553508759,-0.7366467714309692,-1.2594292163848877
2024-01-01,0.6294399238095238,0.05112688186043018,14.326304347826138,0.7310344665189865,-1.4610342979431152,0.15461908280849457,-1.2377394437789917,-1.396099328994751
2024-02-01,0.750868145468393,0.03200018482203143,13.113819875776414,0.6742336606791168,0.3933069705963135,-0.05420663580298424,-0.9128630757331848,-1.0015782117843628
2024-03-01,0.757079207920792,0.07318896131353347,19.183695652173952,0.3461298033870193,-1.4983866214752197,-1.3822671175003052,-0.9631404280662537,-0.8834182024002075
2024-04-01,0.552105102817974,0.049810124928405385,25.074422910606188,0.9018193106364719,-0.4294946789741516,-0.8155854940414429,-0.47253063321113586,-0.7355067133903503
2024-05-01,0.3476749619192688,0.037984063120292205,33.46795031055902,0.2151376356680653,-1.1745003461837769,-1.5734715461730957,-1.0318535566329956,-1.3861191272735596
2024-06-01,0.2791676884996191,0.03613351242843215,38.95540372670813,0.5145689744808919,-1.3984025716781616,-1.3575291633605957,-1.8109984397888184,-1.6977287530899048
2024-07-01,0.2857216869763899,0.04032712561686341,43.86000000000003,0.4129141632443279,-1.5572896003723145,-1.8865867853164673,-1.4528580904006958,-1.6962196826934814
2024-08-01,0.2910822353389184,0.04074499991274104,42.56006211180127,0.22249979363633443,-0.6030054688453674,-1.6924452781677246,-2.0054502487182617,-1.7049293518066406
2024-09-01,0.3317683168316832,0.053963378674747875,35.85810559006214,0.38332742263670294,0.25388818979263306,-0.6014026403427124,-1.4411064386367798,-1.4281796216964722
2024-10-01,0.29479514470677837,0.038092184035620175,28.888260869565258,0.27854714585397206,-0.5049736499786377,-0.4543698728084564,-1.5255396366119385,-1.0808721780776978
2024-11-01,0.37773836190476195,0.06266857759103799,21.5438716356108,0.9073780157966519,-1.3156582117080688,-1.088889479637146,-1.607121467590332,-1.6303259134292603
2024-12-01,0.41253108155170537,0.08653049600012772,10.930676940011026,0.23618997961224444,-0.45240798592567444,-1.3591105937957764,-1.4494998455047607,-2.0288476943969727
