NDVI,NDVI_n,NDVI_sd,date,QA
0.7022936024371665,18,0.05609860174089886,2000-03-05,0.0
,18,,2000-03-21,3.0
0.6085328636709822,18,0.04936944780472248,2000-04-06,0.0
0.4774987052551408,18,0.03808981426336023,2000-04-22,0.0
0.3359602817974105,18,0.028275931504888354,2000-05-08,0.0
0.33939478293983244,18,0.04245826127642629,2000-05-24,0.0
0.3757829779131758,18,0.04908059415107179,2000-06-09,0.0
0.3078419649657273,18,0.019598643345590576,2000-06-25,0.0
0.2862125666412794,18,0.02063219721038919,2000-07-11,0.0
0.2631798552932216,18,0.02290844094797083,2000-07-27,0.0
0.26765125666412787,18,0.022685128646943824,2000-08-12,0.0
0.2584935643564356,18,0.03019089726685475,2000-08-28,0.0
0.284247220106626,18,0.029090565268731376,2000-09-13,0.0
0.2636344630616907,18,0.03420961753803694,2000-09-29,0.6553693830921553
0.3689192688499618,18,0.03593222014354867,2000-10-15,0.0
0.3768174476190477,18,0.047276247853558676,2000-10-31,0.0
0.3603509714285715,18,0.04221577472701965,2000-11-16,0.0
0.3890994279176203,20,0.047569831826484374,2000-12-02,0.0
0.4070021357742182,20,0.05201369314901612,2000-12-18,0.0
0.5060911238095238,18,0.03962017661573109,2001-01-01,0.0
0.6117367238095239,18,0.052343494236522736,2001-01-17,0.0
0.650914737242955,18,0.05890206770773755,2001-02-02,0.0
0.6750136329017516,18,0.0697603934908627,2001-02-18,0.0
0.7269131378522465,18,0.06126942549102285,2001-03-06,0.0
0.7481707539984764,18,0.05162773593025343,2001-03-22,0.0
0.7622686214775323,18,0.03214252212249517,2001-04-07,0.0
0.6747014851485148,18,0.030688068719429452,2001-04-23,0.0
0.44425384615384605,18,0.029734469439347704,2001-05-09,0.0
0.37871279512566636,18,0.039691993159674685,2001-05-25,0.0
0.30772406702208677,18,0.030778710876349,2001-06-10,0.0
0.23741660319878136,18,0.022224460998338445,2001-06-26,0.0
0.25003313023610046,18,0.02428586440455728,2001-07-12,0.0
0.2421474866717441,18,0.0275756445589129,2001-07-28,0.0
0.2509240670220868,18,0.02550588167462556,2001-08-13,0.0
0.2738918507235339,18,0.03090879055112531,2001-08-29,0.0
0.259454074638233,18,0.03213924805330856,2001-09-14,0.0
0.280405331302361,18,0.02947387051627044,2001-09-30,0.0
0.3033285224676313,18,0.04491564384185528,2001-10-16,0.0
0.3085940190476191,18,0.05046993023598006,2001-11-01,0.0
,18,,2001-11-17,3.0
0.35024591914569037,20,0.05424071256906574,2001-12-03,0.0
0.41187581998474443,20,0.04366889167359293,2001-12-19,1.0
0.4656265523809524,18,0.06657694425379432,2002-01-01,0.0
0.5511539428571428,18,0.04233043916907665,2002-01-17,0.0
0.5701211348057882,18,0.040917602010882737,2002-02-02,0.0
0.575921591774562,18,0.04501193017439573,2002-02-18,0.0925361766945925
0.6095623381568924,18,0.04357604853784782,2002-03-06,0.0
,18,,2002-03-22,3.0
0.5867814166031988,18,0.03248195890522915,2002-04-07,0.0
0.46425030464584915,18,0.02747615576827396,2002-04-23,0.0
0.36399699162223914,18,0.02491372830438458,2002-05-09,0.0
0.28830963442498087,18,0.018962259463223618,2002-05-25,0.0
0.2445636709824828,18,0.016835222666250132,2002-06-10,0.0
0.23207345773038837,18,0.019177317491579367,2002-06-26,0.0
0.2144158415841584,18,0.01739241444558275,2002-07-12,0.0
0.2480615765422695,18,0.031117301467467908,2002-07-28,0.0
0.2345861386138613,18,0.025612725907155177,2002-08-13,0.0
0.2559077303884234,18,0.021932833074335537,2002-08-29,0.0
0.23922711348057885,18,0.022538530109707005,2002-09-14,0.0
0.29724002284843865,18,0.04006573495249959,2002-09-30,0.0
0.2980278370144706,18,0.03782559759386933,2002-10-16,0.0
0.31854365714285726,18,0.04146773846417638,2002-11-01,0.0
0.4503224,18,0.05297153818820704,2002-11-17,0.0
0.5076975247524752,18,0.0713862230371251,2002-12-03,0.0
0.5583829519450803,20,0.06690132210950675,2002-12-19,0.0
0.617865536938309,18,0.06844240730193511,2003-01-01,0.0
0.6851442666666668,18,0.025745948380758412,2003-01-17,0.0
0.7100147753236861,18,0.048286592981162224,2003-02-02,0.0
0.7714286367098249,18,0.03902797034353424,2003-02-18,0.0
0.7804902894135564,18,0.03758553208645878,2003-03-06,0.0
0.7647034272658033,18,0.045898921421470555,2003-03-22,0.0
0.7901352627570447,18,0.025586329900510893,2003-04-07,0.0
0.7313878522467631,18,0.028609963299522076,2003-04-23,0.0
0.5186921172886518,18,0.04937094287128817,2003-05-09,0.0
0.3684624904798171,18,0.033196398826705956,2003-05-25,0.0
0.3181298172124904,18,0.022365378474798834,2003-06-10,0.0
0.266263214013709,18,0.021597054125819616,2003-06-26,0.0
0.24819626808834724,18,0.019094818636620544,2003-07-12,0.0
0.27125757806549883,18,0.024841368324770588,2003-07-28,0.0
0.2560368621477532,18,0.023245178047697067,2003-08-13,0.0
0.29424044173648134,18,0.03457547300230806,2003-08-29,0.0
0.29034543031226195,18,0.030320685193730046,2003-09-14,0.0
0.2686557501904036,18,0.0315563341062016,2003-09-30,0.0
0.3664168697638994,18,0.05150016690611815,2003-10-16,0.0
0.4258611047619048,18,0.07578952031045513,2003-11-01,0.0
0.4979516571428572,18,0.08590816802454429,2003-11-17,0.0
0.3980708619374523,20,0.07407240984334185,2003-12-03,0.0
0.49996941266209005,20,0.09170244762273254,2003-12-19,0.0
0.5317541714285714,18,0.07878384555851321,2004-01-01,0.0
0.555411123809524,18,0.06538592176785539,2004-01-17,0.0
0.603957654226961,18,0.059964469160732385,2004-02-02,0.0
0.5832263137852246,18,0.041605567053899783,2004-02-18,1.0
0.6637478293983244,18,0.05348235430702563,2004-03-05,0.0
0.7177313404417364,18,0.038881421902185985,2004-03-21,0.0
0.7237306549885756,18,0.045682642852889734,2004-04-06,0.0
0.5778487052551409,18,0.10732806534691244,2004-04-22,0.1576542269611576
0.5014315689261234,18,0.04050333510121105,2004-05-08,0.0
0.3750920792079208,18,0.039986647848661135,2004-05-24,0.0
0.34480773038842344,18,0.02002478710911653,2004-06-09,0.0
0.34277223914699145,18,0.020936017314371464,2004-06-25,0.0
0.32048057882711345,18,0.018553383106359872,2004-07-11,0.0
0.3259882330540746,18,0.01877766025604255,2004-07-27,0.0
0.29324558263518646,18,0.020944915998228206,2004-08-12,0.0
0.3258263518659557,18,0.02336549899338518,2004-08-28,0.0
0.34013461538461537,18,0.03498994785102259,2004-09-13,0.0
0.3619896801218583,18,0.04445337132571862,2004-09-29,0.0
0.34791607006854525,18,0.04158807254222992,2004-10-15,0.0
0.38806521904761915,18,0.04791496486510967,2004-10-31,0.0
0.49137641904761914,18,0.055756837868872984,2004-11-16,0.0
0.5587093440122044,20,0.09929918227256454,2004-12-02,0.0
,20,,2004-12-18,3.0
0.655177942857143,18,0.039516016443406285,2005-01-01,0.0
0.6379311619047622,18,0.07340124128529586,2005-01-17,0.0
0.6558798172124903,18,0.048460556698778814,2005-02-02,1.0
0.6617132140137089,18,0.036902755091365924,2005-02-18,0.0
0.7053613861386137,18,0.03855789978464147,2005-03-06,0.0
0.6989956587966486,18,0.020452444087095994,2005-03-22,0.1576542269611576
0.7419222772277226,18,0.05939173052135285,2005-04-07,0.0
0.6635190403655749,18,0.07023038982036904,2005-04-23,0.0
0.4872961157654227,18,0.0723621490648526,2005-05-09,0.0
0.36292265803503426,18,0.029260173919130723,2005-05-25,0.0
0.32474192688499615,18,0.026340144454359973,2005-06-10,0.0
0.30807696115765415,18,0.024377406180698818,2005-06-26,0.0
0.3096748667174409,18,0.026292326839161276,2005-07-12,0.0
0.28829032749428785,18,0.023356185238366495,2005-07-28,0.0
0.2886740670220868,18,0.03849204062345911,2005-08-13,0.0
0.30634177456207157,18,0.031574753549764904,2005-08-29,0.0
0.29414364051789793,18,0.03904248398290708,2005-09-14,0.0
0.3055656511805026,18,0.03748749750431208,2005-09-30,0.0
0.3088450875856816,18,0.03670795991318044,2005-10-16,0.0
0.3414991619047619,18,0.044346695633161314,2005-11-01,0.0
0.38143794285714294,18,0.06032676273818394,2005-11-17,0.0
0.3142998855835241,20,0.04680198179564622,2005-12-03,0.0
0.4069389016018308,20,0.047916421767490044,2005-12-19,0.0
0.4460182095238096,18,0.05020285301272509,2006-01-01,0.0
0.4911193523809525,18,0.051038059207363366,2006-01-17,0.0
0.5718774181264279,18,0.04350590175659307,2006-02-02,0.0
0.6364409748667172,18,0.06903385821643536,2006-02-18,0.0
0.6611408987052549,18,0.051816690492352296,2006-03-06,0.0
0.6622421934501141,18,0.06821775795201716,2006-03-22,0.0
0.626580236100533,18,0.05548074741145196,2006-04-07,0.0
0.588708682406702,18,0.06001397985284576,2006-04-23,0.0
0.39222993145468377,18,0.025524220523521057,2006-05-09,0.0
0.3318008758568164,18,0.024026818863331863,2006-05-25,0.0
0.31945681645087587,18,0.02885481965433066,2006-06-10,0.0
0.2649676313785224,18,0.01972522355879508,2006-06-26,0.0
0.2805837395277989,18,0.027932458220182168,2006-07-12,0.0
0.2735756283320639,18,0.030053374843870183,2006-07-28,0.0
0.26705635948210205,18,0.026348523513814327,2006-08-13,0.0
0.27589668697638986,18,0.03173524397064787,2006-08-29,0.0
0.28896858339680115,18,0.03630796600006291,2006-09-14,0.0
0.28315346534653457,18,0.032021954274459204,2006-09-30,0.0
0.2939004569687738,18,0.0370160296441593,2006-10-16,0.0
0.31434537142857144,18,0.03622104164742772,2006-11-01,0.0
0.33712571428571436,18,0.043398003026253025,2006-11-17,0.0
0.301257055682685,20,0.05580425969404133,2006-12-03,0.0
0.44362875667429447,20,0.0444403690353715,2006-12-19,0.0
0.537056419047619,18,0.05418039056911848,2007-01-01,0.0
0.5648201142857143,18,0.043751180583718206,2007-01-17,0.0
0.6925148134044173,18,0.043560267956527135,2007-02-02,0.0
0.7578022086824066,18,0.033299603304647624,2007-02-18,0.0
0.7293861005331301,18,0.06194360562461453,2007-03-06,0.0
0.7537716298552931,18,0.04022223334867864,2007-03-22,0.0
0.7077284463061688,18,0.04586410549481518,2007-04-07,0.0
0.6307409367859863,18,0.035399025235934516,2007-04-23,0.0
0.4171480959634425,18,0.042207488657410544,2007-05-09,0.0
0.33568789032749413,18,0.03394261860883296,2007-05-25,0.0
0.3017806930693069,18,0.030642943722821413,2007-06-10,0.0
0.3029333587204874,18,0.02903971524874842,2007-06-26,0.0
0.2613504188880426,18,0.026142178326496054,2007-07-12,0.0
0.26530312261995426,18,0.024030281821993776,2007-07-28,0.0
0.25737669459253615,18,0.02675269226096461,2007-08-13,0.0
0.26015875856816445,18,0.02720046579575742,2007-08-29,0.0
0.26472041127189627,18,0.026604703473513514,2007-09-14,0.0
0.3142199923838537,18,0.03915540578858988,2007-09-30,0.0
0.3315390708301598,18,0.045703344624617476,2007-10-16,0.0
0.45700102857142866,18,0.06630858834939023,2007-11-01,0.0
0.5283137904761906,18,0.07025670237347507,2007-11-17,0.0
0.5381085430968727,20,0.08055002343264697,2007-12-03,0.0
0.5956147978642258,20,0.08631355281761942,2007-12-19,0.0
0.6259239238095239,18,0.04506932930990259,2008-01-01,0.0
0.6531566476190478,18,0.0336684400889717,2008-01-17,0.0
0.6123849581111955,18,0.04355495641594756,2008-02-02,0.0
0.6001209444021325,18,0.0702733990730773,2008-02-18,0.0
0.5597415079969533,18,0.06918660399845866,2008-03-05,0.0
0.5240804265041887,18,0.07921487986078127,2008-03-21,0.0
0.5007074257425741,18,0.059950148271524555,2008-04-06,0.0
0.3621158415841584,18,0.01835487370942358,2008-04-22,0.0
0.30455190403655746,18,0.020787348508761124,2008-05-08,0.0
0.29160327494287885,18,0.027985298168507138,2008-05-24,0.0
0.28224779131759326,18,0.02721665079040615,2008-06-09,0.0
0.2532110053313023,18,0.0226259929186667,2008-06-25,0.0
0.2620458872810358,18,0.02556244834580792,2008-07-11,0.0
0.24913320639756276,18,0.026313140992456394,2008-07-27,0.0
0.237933511043412,18,0.026904960761544493,2008-08-12,0.0
0.23823233054074633,18,0.022084185867541007,2008-08-28,0.0
0.2733163747143945,18,0.031322293661973664,2008-09-13,0.0
0.2839519801980198,18,0.03279116110956704,2008-09-29,0.0
0.2935305026656511,18,0.04110670734672006,2008-10-15,0.0
0.316345180952381,18,0.041226463169087235,2008-10-31,0.0
0.3855768761904762,18,0.04668624754546622,2008-11-16,0.0
0.4023146453089245,20,0.053259968785195566,2008-12-02,0.0
0.45178283752860426,20,0.05566308471509642,2008-12-18,0.0
0.6189019809523811,18,0.030305278031115594,2009-01-01,0.0
0.6404361142857145,18,0.03734582008441879,2009-01-17,0.0
0.7086471439451637,18,0.058446513746636654,2009-02-02,1.0
0.6924205255140896,18,0.024551193679964143,2009-02-18,0.0
0.7320153846153845,18,0.03052164178552622,2009-03-06,0.0
0.7070760853008377,18,0.03440907503035274,2009-03-22,0.0
0.7175869763899465,18,0.04959947511918622,2009-04-07,0.0
0.7598570068545314,18,0.047626628159849305,2009-04-23,0.0
0.5467821401370905,18,0.04418601148679423,2009-05-09,0.0
0.3779313023610053,18,0.020005255482337187,2009-05-25,0.0
0.32727018278750936,18,0.027324976138830604,2009-06-10,0.0
0.3125466108149276,18,0.025732855973311965,2009-06-26,0.0
0.2758140137090631,18,0.025249874709382274,2009-07-12,0.0
0.2746013328255902,18,0.026386233784557688,2009-07-28,0.0
0.2778891850723533,18,0.03167121848377349,2009-08-13,0.0
0.28184817212490465,18,0.03295241097232324,2009-08-29,0.0
0.3133160700685453,18,0.03759026174127786,2009-09-14,0.0
0.32482909367859847,18,0.035049856906067454,2009-09-30,0.0
0.3611932597105864,18,0.04405918438186365,2009-10-16,0.0
0.4035053333333334,18,0.06613715663418203,2009-11-01,0.0
0.4354742476190478,18,0.05795230797819876,2009-11-17,0.0
0.4116892829900839,20,0.07738310070680812,2009-12-03,0.0
0.4715281464530892,20,0.07874382182114349,2009-12-19,0.0
0.48213489523809533,18,0.053519682833676065,2010-01-01,0.0
0.5150962285714287,18,0.05668378172908995,2010-01-17,0.0
0.5481353769992383,18,0.041328994694634434,2010-02-02,0.0
0.5722818735719725,18,0.052994733025038356,2010-02-18,0.0
0.5780568545316069,18,0.07069553655563333,2010-03-06,0.0
0.5434197258187355,18,0.0797835074157282,2010-03-22,0.0
0.4789046458492003,18,0.045614344180988996,2010-04-07,0.0
0.36939284082254376,18,0.03260068402296859,2010-04-23,0.0
0.3294544554455446,18,0.024640742132482588,2010-05-09,0.0
0.2789820639756283,18,0.022339632196315736,2010-05-25,0.0
0.2756696496572734,18,0.02611484902323138,2010-06-10,0.0
0.2515749047981721,18,0.024883035025871834,2010-06-26,0.0
0.23219333587204874,18,0.018562088005154784,2010-07-12,0.0
0.231970563594821,18,0.021174827822991463,2010-07-28,0.0
0.24240030464584914,18,0.022272005348019795,2010-08-13,0.0
0.2405403274942878,18,0.020839567215477185,2010-08-29,0.0
0.24397246763137848,18,0.0315118946776108,2010-09-14,0.0
0.2422944782939832,18,0.025956271988780585,2010-09-30,0.0
0.26924900990099,18,0.03934946781449461,2010-10-16,0.0
0.4235334857142858,18,0.06028777515660479,2010-11-01,0.0
0.4975388952380953,18,0.06551518271871541,2010-11-17,0.0
0.538765980167811,20,0.08062070376150286,2010-12-03,0.0
0.6144280701754387,20,0.06408414683055397,2010-12-19,0.0
0.6841128761904763,18,0.04625974738792995,2011-01-01,0.0
0.6779675809523812,18,0.05187892391823067,2011-01-17,0.0
0.768297753236862,18,0.030514346453860065,2011-02-02,0.0
0.7770332825590252,18,0.04364655071009494,2011-02-18,0.3446306169078445
0.7791886900228481,18,0.03211424484901089,2011-03-06,0.0
0.7550998857578063,18,0.03618390483537933,2011-03-22,0.0
0.6489972962680882,18,0.10320135254281636,2011-04-07,0.0
0.5061682787509519,18,0.06149860206179939,2011-04-23,0.0
0.3384921172886518,18,0.03023245129180085,2011-05-09,0.0
0.34168476770753986,18,0.02316124969975343,2011-05-25,0.0
0.3251099771515612,18,0.03394876131851831,2011-06-10,0.0
0.3006600533130235,18,0.03143137586694049,2011-06-26,0.0
0.2955710967250571,18,0.028442515125541672,2011-07-12,0.0
0.27376161462300075,18,0.01913516251418954,2011-07-28,0.0
0.27029463061690784,18,0.023776469979611352,2011-08-13,0.0
0.28423651942117284,18,0.030202211512518673,2011-08-29,0.0
0.2790948210205636,18,0.025969811533992908,2011-09-14,0.0
0.29979763899466866,18,0.04307122331415464,2011-09-30,0.0
0.3439314166031987,18,0.0439621077017498,2011-10-16,0.0
0.38208053333333336,18,0.05082913917123611,2011-11-01,0.0
0.5355930666666667,18,0.07561203607892067,2011-11-17,0.18095238095238095
0.529137414187643,20,0.09463043696401277,2011-12-03,0.0
0.6416481311975591,20,0.07002003927448182,2011-12-19,0.0
0.6757807619047621,18,0.05696304113682446,2012-01-01,0.0
0.672496723809524,18,0.0577987048105559,2012-01-17,0.0
,18,,2012-02-02,3.0
0.6928277989337392,18,0.030985119885535303,2012-02-18,0.0
0.6632073876618428,18,0.039968972534105834,2012-03-05,0.0
0.7460387661843106,18,0.03336946791438079,2012-03-21,0.0
0.7467708301599388,18,0.05277753947314649,2012-04-06,0.0
0.5702627951256662,18,0.07654700907785647,2012-04-22,0.0
0.43336108149276464,18,0.02626207658709925,2012-05-08,0.0
0.3422813023610053,18,0.019612212748409828,2012-05-24,0.0
0.30802345773038836,18,0.024802065823955156,2012-06-09,0.0
0.2866864051789794,18,0.022336514422425388,2012-06-25,0.0
0.28160095201827867,18,0.022195094553126425,2012-07-11,0.0
0.26342555217060165,18,0.01631481565561016,2012-07-27,0.0
0.2676805407463823,18,0.0260029966221844,2012-08-12,0.0
0.29263252094440206,18,0.02774073530138891,2012-08-28,0.0
0.32952296268088344,18,0.031325871846025005,2012-09-13,0.0
0.3305412795125665,18,0.039142543004249256,2012-09-29,0.0
0.4102568164508758,18,0.0530941851806768,2012-10-15,0.0
0.4651042285714286,18,0.07036960535646535,2012-10-31,0.0
0.552730742857143,18,0.08624903381101341,2012-11-16,0.0
0.5193292906178489,20,0.06847534501556017,2012-12-02,0.0
0.5659439740655988,20,0.07448758470376105,2012-12-18,0.0
0.6074062095238097,18,0.058819269381872756,2013-01-01,0.0
0.6090777523809524,18,0.07207012959782229,2013-01-17,0.0
0.6137353389185071,18,0.06297339728355225,2013-02-02,0.0
0.6660051028179742,18,0.044254844541949376,2013-02-18,0.0
0.7494867479055595,18,0.03775760409065526,2013-03-06,0.0
0.6851339299314546,18,0.05372053427199996,2013-03-22,0.0
0.6388806169078446,18,0.04887858508843008,2013-04-07,0.0
0.4619940594059405,18,0.039606242493380316,2013-04-23,0.0
0.3881032368621477,18,0.026151401539289205,2013-05-09,0.0
0.3358349200304645,18,0.023720950395258796,2013-05-25,0.0
0.2874536938309215,18,0.024771523874435434,2013-06-10,0.0
0.2721394135567402,18,0.02234025113976236,2013-06-26,0.0
0.26495015232292457,18,0.02341718597025337,2013-07-12,0.0
0.2667768469154607,18,0.0354624040184169,2013-07-28,0.0
0.269460662604722,18,0.025868411071382536,2013-08-13,0.0
0.30554550647372425,18,0.04066059001351205,2013-08-29,0.0
0.34056165270373184,18,0.035053549863383215,2013-09-14,0.0
0.3466570830159938,18,0.04819643992026446,2013-09-30,0.0
0.29867867479055593,18,0.03217710107099975,2013-10-16,0.0
0.37991493333333337,18,0.07043499169841334,2013-11-01,0.0
0.4077195047619048,18,0.06339679106456374,2013-11-17,0.0
0.5121224256292907,20,0.05639277347320316,2013-12-03,0.0
0.5866481693363845,20,0.03793674307317411,2013-12-19,0.0
0.6283876190476192,18,0.031965536997766136,2014-01-01,0.0
0.6032107428571429,18,0.021395281151589375,2014-01-17,0.0
0.724562452399086,18,0.04454304791192426,2014-02-02,0.0
0.7610648514851484,18,0.03988822229402782,2014-02-18,0.0
0.7583436405178978,18,0.03411129207335257,2014-03-06,0.0
0.769174409748667,18,0.05510058031107579,2014-03-22,0.0
0.6943535415079969,18,0.06734072956261074,2014-04-07,0.0
0.6007199543031224,18,0.053315745942752284,2014-04-23,0.0
0.44577684691546066,18,0.027967580437992055,2014-05-09,0.0
0.32459695354150797,18,0.025521694959000054,2014-05-25,0.0
0.3274634805788271,18,0.030522315252861438,2014-06-10,0.0
0.28635251332825584,18,0.031853249538670865,2014-06-26,0.0
0.28074040365575015,18,0.0325790359011269,2014-07-12,0.0
0.25875514089870516,18,0.022486215256089872,2014-07-28,0.0
0.27246664127951253,18,0.02368843612763063,2014-08-13,0.0
0.2800139375476009,18,0.031146140993154055,2014-08-29,0.0
0.274013709063214,18,0.030325740299147853,2014-09-14,0.0
0.2713084158415841,18,0.033765489815329765,2014-09-30,0.0
0.372918278750952,18,0.054455060472935954,2014-10-16,0.0
0.38765542857142876,18,0.06000134257757164,2014-11-01,0.0
0.4227446857142857,18,0.05027971266995104,2014-11-17,0.0
0.43462429443173145,20,0.053536104406278893,2014-12-03,0.0
0.5859240274599544,20,0.0563266178196419,2014-12-19,0.0
0.5953404571428572,18,0.04087106835397249,2015-01-01,0.0
0.6333464761904763,18,0.03193904350477641,2015-01-17,0.0
0.6546291317593296,18,0.045382431201164454,2015-02-02,0.0
0.6623099771515613,18,0.05976604593674879,2015-02-18,0.0
0.7003829398324447,18,0.05719812356630419,2015-03-06,0.0
0.7160336633663364,18,0.03999012725383326,2015-03-22,0.0
0.7034291698400608,18,0.04478644973925595,2015-04-07,0.0
0.6417965727341963,18,0.03220364838237723,2015-04-23,0.0
0.4009612718964204,18,0.021916283618677878,2015-05-09,0.0
0.35001774562071586,18,0.025699522020823127,2015-05-25,0.0
0.29199055597867474,18,0.027875382408936465,2015-06-10,0.0
0.2893735338918507,18,0.03134089989411338,2015-06-26,0.0
0.2762199543031226,18,0.029569983946855304,2015-07-12,0.0
0.2763617669459253,18,0.021570530308218615,2015-07-28,0.0
0.2984003808073114,18,0.029795171122553105,2015-08-13,0.0
0.31019059405940586,18,0.03596632684423955,2015-08-29,0.0
0.3018722010662604,18,0.035690036044244935,2015-09-14,0.0
0.339434539223153,18,0.05138393489634777,2015-09-30,0.0
0.368897715156131,18,0.05035018726901315,2015-10-16,0.0
0.4651262857142857,18,0.06810836590443817,2015-11-01,0.0
0.507339580952381,18,0.06948941765957366,2015-11-17,0.0
0.5096026315789474,20,0.055182246012644376,2015-12-03,0.0
0.5605389397406559,20,0.05538921623384805,2015-12-19,0.0
0.6214296761904763,18,0.024057639119414855,2016-01-01,0.0
0.6747393142857143,18,0.029623985631432908,2016-01-17,0.0
0.6936782939832443,18,0.04109254423077269,2016-02-02,0.0
0.7174271134805786,18,0.045359687669031694,2016-02-18,0.0
0.7149568164508755,18,0.04915456222625046,2016-03-05,0.0
0.7235872048743334,18,0.04835450366502942,2016-03-21,0.0
0.6190127951256663,18,0.03126029163864812,2016-04-06,0.0
0.5595150418888042,18,0.026678265995810472,2016-04-22,0.0
0.33727856054836247,18,0.020564194130743743,2016-05-08,0.0
0.3220076542269611,18,0.018860810012324366,2016-05-24,0.0
0.28852022086824064,18,0.025883091864080776,2016-06-09,0.0
0.2646838537699923,18,0.02150029069570921,2016-06-25,0.0
0.2708482863670981,18,0.029059195119405037,2016-07-11,0.0
0.2646417364813404,18,0.02795641945759308,2016-07-27,0.0
0.2568886519421173,18,0.02375925290840247,2016-08-12,0.0
0.30184577303884225,18,0.037763709798929686,2016-08-28,0.0
0.28270487433358715,18,0.02098768304282703,2016-09-13,0.0
0.28507913175932975,18,0.031742904816239426,2016-09-29,0.0
0.28385262757044927,18,0.03756693984257707,2016-10-15,0.0
0.42449325714285724,18,0.05635727301974629,2016-10-31,0.0
0.5406376380952382,18,0.060111320856072736,2016-11-16,0.0
0.5890212051868802,20,0.05345954054235805,2016-12-02,0.0
0.6961205186880245,20,0.05211569317393777,2016-12-18,0.0
0.7091604571428572,18,0.04280191526809651,2017-01-01,0.0
0.716101523809524,18,0.03967544565161592,2017-01-17,0.0
0.699303846153846,18,0.04130469176411349,2017-02-02,0.0
0.7183251332825589,18,0.050287622424765595,2017-02-18,0.0
0.7635792460015233,18,0.04365738415615404,2017-03-06,0.0
0.7124697638994668,18,0.04993407042179607,2017-03-22,0.0
0.6796179741051028,18,0.060775505746685804,2017-04-07,0.0
0.5648913175932977,18,0.037355388657172674,2017-04-23,0.0
0.4119517517136328,18,0.032446568138257914,2017-05-09,0.0
0.3345743716679361,18,0.020695363141427493,2017-05-25,0.0
0.31152063975628325,18,0.03883183910652518,2017-06-10,0.0
0.28806645087585675,18,0.02792095986888703,2017-06-26,0.0
0.2572887661843106,18,0.018073301535553987,2017-07-12,0.0
0.26997985529322155,18,0.03030844165909015,2017-07-28,0.0
0.2690413556740289,18,0.025046162935223788,2017-08-13,0.0
0.27417208682406696,18,0.025783496132982097,2017-08-29,0.0
0.2859505712109672,18,0.029071491805589735,2017-09-14,0.0
0.2941182787509519,18,0.03493554779876795,2017-09-30,0.0
0.3121062071591774,18,0.03771822798359199,2017-10-16,0.0
0.28758373333333337,18,0.039511074006356804,2017-11-01,0.0
0.36476034285714287,18,0.05643180003823692,2017-11-17,0.0
0.41508081617086195,20,0.0635464654799935,2017-12-03,0.0
0.5027907704042716,20,0.047901042786144085,2017-12-19,0.0
0.6263424000000002,18,0.059380949734388816,2018-01-01,0.0
0.6713168380952383,18,0.04352132299868141,2018-01-17,0.0
0.7149551789794361,18,0.040954652730146535,2018-02-02,0.0
0.7508414318354909,18,0.04175044318534678,2018-02-18,0.0
0.7765338537699922,18,0.043546252195187804,2018-03-06,0.0
0.7862103198781415,18,0.044111364398936787,2018-03-22,0.0
0.7418761614623001,18,0.05672487669270384,2018-04-07,0.0
0.6044536176694592,18,0.045984987150263334,2018-04-23,0.0
0.4826428027418125,18,0.03393187619661227,2018-05-09,0.0
0.3459658796648895,18,0.030133999603417613,2018-05-25,0.0
0.3191226580350341,18,0.035117263877218884,2018-06-10,0.0
0.2677099009900989,18,0.025802615548347115,2018-06-26,0.0
0.26619345011424217,18,0.028517813904234357,2018-07-12,0.0
0.2862973724295506,18,0.03312182712500572,2018-07-28,0.0
0.304642650418888,18,0.03228148573079718,2018-08-13,0.0
0.27792380045696874,18,0.03392289050184256,2018-08-29,0.0
0.31056477532368615,18,0.043053560168816285,2018-09-14,0.0
0.3221311500380807,18,0.045302299085908854,2018-09-30,0.0
0.418059177456207,18,0.06302158580817986,2018-10-16,0.0
0.5083679999999999,18,0.07214004234734377,2018-11-01,0.0
0.5585928761904763,18,0.05278069377909365,2018-11-17,1.0
0.5661446224256295,20,0.07534859321845365,2018-12-03,0.0
0.7014534706331047,20,0.028696328597923048,2018-12-19,0.0
0.7431838476190477,18,0.02900510012624217,2019-01-01,0.0
0.7397157714285716,18,0.03141441882124434,2019-01-17,0.0
0.7260540365575018,18,0.043564147749448605,2019-02-02,0.0
0.741680731150038,18,0.04925198874219962,2019-02-18,0.0
0.7752160319878141,18,0.043888687763252075,2019-03-06,0.0
0.7890236481340438,18,0.04335118293343822,2019-03-22,0.0
0.7521631759329778,18,0.03271365667933399,2019-04-07,0.0
0.6500596725057121,18,0.04314260447617485,2019-04-23,0.0
0.5250360243716677,18,0.04334046095227364,2019-05-09,0.0
0.4308179360243716,18,0.04988862039026981,2019-05-25,0.0
0.34652955064737234,18,0.032287684939701695,2019-06-10,0.0
0.3182814546839299,18,0.03308493372376873,2019-06-26,0.0
0.30243670982482856,18,0.03109613329938042,2019-07-12,0.0
0.28873651942117284,18,0.023979597809619557,2019-07-28,0.0
0.30843651942117284,18,0.034867941340625964,2019-08-13,0.0
0.3760577684691547,18,0.03627322967917286,2019-08-29,0.0
0.3932047600913937,18,0.034957554509489744,2019-09-14,0.0
0.38261066260472193,18,0.03333116891121075,2019-09-30,0.0
0.3888960776846914,18,0.04547564128868641,2019-10-16,0.0
0.4069379428571428,18,0.0531081161986832,2019-11-01,0.0
0.4910801142857143,18,0.05027620654389554,2019-11-17,0.0
0.5189356598016782,20,0.06871309536762257,2019-12-03,0.0
0.629093173150267,20,0.051372972222755185,2019-12-19,0.0
0.6780849523809525,18,0.026371004465951184,2020-01-01,0.0
0.6939012952380953,18,0.030724876819208824,2020-01-17,0.0
0.7199752475247524,18,0.05929020201985785,2020-02-02,0.0
0.6974156892612335,18,0.05941611500445164,2020-02-18,0.0
0.7496481721249049,18,0.052880654120830414,2020-03-05,0.0
0.7384405559786745,18,0.04360611011665914,2020-03-21,0.6896420411271896
0.6590819497334348,18,0.05612266575200354,2020-04-06,0.0
0.5183841584158415,18,0.03124453532466643,2020-04-22,0.0
0.3953927265803503,18,0.01725631124481063,2020-05-08,0.0
0.34811104341203347,18,0.024342528070015704,2020-05-24,0.0
0.3113025133282558,18,0.029613322827553294,2020-06-09,0.0
0.27450662604722004,18,0.028918427206519454,2020-06-25,0.0
0.28545609291698393,18,0.028071208504686473,2020-07-11,0.0
0.28490883472962675,18,0.03444774177765864,2020-07-27,0.0
0.26214855293221623,18,0.017685183343028772,2020-08-12,0.0
0.2832338918507235,18,0.03728153855843328,2020-08-28,0.0
0.30770449352627566,18,0.03864506420817966,2020-09-13,0.0
0.3183723914699162,18,0.037724734002449314,2020-09-29,0.0
0.33849123809523807,18,0.041290327088933446,2020-10-15,0.0
0.32801173333333344,18,0.03940500845524623,2020-10-31,0.0
0.33597786666666674,18,0.05771390406325171,2020-11-16,0.0
0.4613724637681161,20,0.07213777512510346,2020-12-02,0.0
0.5290540427154844,20,0.08160375849187343,2020-12-18,0.0
0.5032070476190477,18,0.05476588021571876,2021-01-01,0.0
0.6371774095238096,18,0.03413092258558531,2021-01-17,0.0
0.7816866717440972,18,0.023524846334498296,2021-02-02,0.0
0.7566684310738765,18,0.032282420779086725,2021-02-18,0.0
0.7412526275704492,18,0.03974862409296679,2021-03-06,1.0
0.7545999619192687,18,0.044850257028868364,2021-03-22,0.0
0.6378963823305406,18,0.04009254879819675,2021-04-07,0.0
0.6058971820258948,18,0.030690823818637827,2021-04-23,0.0
0.47698313023610045,18,0.05110248024953709,2021-05-09,0.0
0.33505087585681637,18,0.026992074739920227,2021-05-25,0.0
0.3068236862147753,18,0.03497578527432309,2021-06-10,0.0
0.2918708682406702,18,0.024194890925845938,2021-06-26,0.0
0.2751799314546839,18,0.03316229824200006,2021-07-12,0.0
0.2535387281035795,18,0.025150998924766032,2021-07-28,0.0
0.2614930693069306,18,0.02581642218280811,2021-08-13,0.0
0.29279999999999995,18,0.04517155125972403,2021-08-29,0.0
0.28034086062452396,18,0.035061251518231536,2021-09-14,0.0
0.311699504950495,18,0.052751348060710475,2021-09-30,0.0
0.3601428027418126,18,0.06372509365805899,2021-10-16,0.0
0.43382064761904776,18,0.06806417360399712,2021-11-01,0.0
0.44264765714285725,18,0.07243265262757306,2021-11-17,0.0
0.45204000762776514,20,0.08755008552251674,2021-12-03,0.0
0.5749800915331809,20,0.07319807562361169,2021-12-19,0.0
0.5923993142857142,18,0.058184872721182716,2022-01-01,0.0
0.6582974476190478,18,0.041282636546699614,2022-01-17,0.0
0.6821857197258187,18,0.0222883848397644,2022-02-02,0.0
0.6882747524752474,18,0.03831665659787575,2022-02-18,0.0
0.7308870525514088,18,0.04042711968682495,2022-03-06,0.0
,18,,2022-03-22,3.0
0.7142415841584155,18,0.05541959140151713,2022-04-07,0.0
0.601049504950495,18,0.04586104482127259,2022-04-23,0.0
0.42049352627570424,18,0.033125204401885086,2022-05-09,0.0
0.32507894135567394,18,0.027989314539571316,2022-05-25,0.0
0.302413975628332,18,0.0320545797078501,2022-06-10,0.0
0.283707121096725,18,0.0381328270654039,2022-06-26,0.0
0.27966203351104335,18,0.03818118436489588,2022-07-12,0.0
0.27924969535415073,18,0.034461388305618415,2022-07-28,0.0
0.28795860624523983,18,0.027557007690231946,2022-08-13,0.0
0.2976826732673266,18,0.041067290835203836,2022-08-29,0.0
0.27073899466869755,18,0.032513106568973556,2022-09-14,0.0
0.2857250190403655,18,0.04056402651258357,2022-09-30,0.0
0.32006629855293217,18,0.05895489094779725,2022-10-16,0.0
0.37707980952380954,18,0.061151273923518046,2022-11-01,0.0
0.4332601142857143,18,0.07930400193068583,2022-11-17,0.0
0.4833861714285715,18,0.06531715053736649,2022-12-03,0.0
0.5871829900839055,20,0.05887059113003708,2022-12-19,0.0
0.5804119238095239,18,0.04201998532444611,2023-01-01,0.0
0.586265980952381,18,0.04268664752054461,2023-01-17,0.0
0.6225351485148514,18,0.048162854200009195,2023-02-02,0.0
0.5607694211728865,18,0.050042939586610234,2023-02-18,0.0
0.46273952779893357,18,0.0352640235654509,2023-03-06,0.0
0.40419763899466865,18,0.043516781565021305,2023-03-22,0.0
0.41315586443259694,18,0.037538753637958513,2023-04-07,0.0
0.3467309977151561,18,0.017802434290474622,2023-04-23,0.0
0.3691023229246001,18,0.02721429362996177,2023-05-09,1.0
0.34752962680883476,18,0.041691822036118306,2023-05-25,0.741051028179741
0.3776872429550647,18,0.021087284800251443,2023-06-10,0.0
0.31797901751713625,18,0.021663661472499474,2023-06-26,0.0
0.29990144706778366,18,0.017703616147311824,2023-07-12,0.0
0.28097532368621475,18,0.025163190831838128,2023-07-28,0.0
0.29238697638994665,18,0.02189814313679364,2023-08-13,0.0
0.2843854150799695,18,0.027786143740192046,2023-08-29,0.0
0.2876953160700685,18,0.02781946871358562,2023-09-14,0.0
0.2880693830921553,18,0.03182961826295489,2023-09-30,0.0
0.29958629093678596,18,0.0329114379344565,2023-10-16,0.0
0.3118326857142857,18,0.039803045978113336,2023-11-01,0.0
0.3511057904761906,18,0.05427818833007471,2023-11-17,0.0
,20,,2023-12-03,3.0
0.5001302440884822,20,0.08454413285379421,2023-12-19,0.0
0.5731681523809523,18,0.05374439304662996,2024-01-01,0.0
0.6857116952380953,18,0.0485093706742304,2024-01-17,0.0
0.7839760091393755,18,0.03560338449718316,2024-02-02,0.0
,18,,2024-02-18,3.0
0.7717840441736481,18,0.07170433312491574,2024-03-05,0.0
0.7423743716679359,18,0.07467358950215122,2024-03-21,0.0
0.6417229246001521,18,0.07502433782068393,2024-04-06,0.0
0.4624872810357957,18,0.02459591203612684,2024-04-22,0.0
0.3467803884234576,18,0.034565243818710664,2024-05-08,0.0
0.34856953541507996,18,0.04140288242187375,2024-05-24,0.0
0.2563811881188118,18,0.02259928437630242,2024-06-09,0.0
0.3019541888804264,18,0.04966774048056188,2024-06-25,0.0
0.26889790555978665,18,0.03550052034047451,2024-07-11,0.0
0.30254546839299307,18,0.045153730893252315,2024-07-27,0.0
0.29181424219345004,18,0.044590529706498995,2024-08-12,0.0
0.29035022848438685,18,0.03689947011898308,2024-08-28,0.0
0.32991214775323685,18,0.06094821319249668,2024-09-13,0.0
0.3336244859101295,18,0.04697854415699907,2024-09-29,0.0
0.26698808073115005,18,0.039098080215570805,2024-10-15,0.0
0.3226022086824067,18,0.037086287855669545,2024-10-31,0.0
0.37773836190476195,18,0.06266857759103799,2024-11-16,0.0
0.37222604881769644,20,0.09079769201361894,2024-12-02,0.0
0.4528361142857143,18,0.08226329998663648,2024-12-18,0.0
